[{"model": "admin.logentry", "pk": 1, "fields": {"action_time": "2025-12-09T22:50:06.660", "user": "e1430c19-a792-4a4b-a71b-2ae188bed564", "content_type": 4, "object_id": "e1430c19-a792-4a4b-a71b-2ae188bed564", "object_repr": "impoush@gmail.com", "action_flag": 2, "change_message": "[{\"changed\": {\"fields\": [\"Is email verified\", \"Is phone verified\"]}}]"}}, {"model": "admin.logentry", "pk": 2, "fields": {"action_time": "2025-12-09T22:50:42.967", "user": "e1430c19-a792-4a4b-a71b-2ae188bed564", "content_type": 4, "object_id": "e1430c19-a792-4a4b-a71b-2ae188bed564", "object_repr": "impoush@gmail.com", "action_flag": 2, "change_message": "[{\"changed\": {\"fields\": [\"Phone_number\", \"First name\", \"Last name\", \"Date_of_birth\", \"Gender\", \"Nickname\"]}}]"}}, {"model": "admin.logentry", "pk": 3, "fields": {"action_time": "2025-12-09T23:53:57.953", "user": "e1430c19-a792-4a4b-a71b-2ae188bed564", "content_type": 6, "object_id": "1", "object_repr": "sasasa", "action_flag": 1, "change_message": "[{\"added\": {}}]"}}, {"model": "admin.logentry", "pk": 4, "fields": {"action_time": "2025-12-09T23:54:04.887", "user": "e1430c19-a792-4a4b-a71b-2ae188bed564", "content_type": 6, "object_id": "2", "object_repr": "sasasa232", "action_flag": 1, "change_message": "[{\"added\": {}}]"}}, {"model": "admin.logentry", "pk": 5, "fields": {"action_time": "2025-12-09T23:54:29.923", "user": "e1430c19-a792-4a4b-a71b-2ae188bed564", "content_type": 9, "object_id": "e5bdc8e6-7da9-4d52-b968-766dd776520e", "object_repr": "گوشی موبایل ریلمی مدل C71 دو سیم کارت ظرفیت 256 گیگابایت و رم 8 گیگابایت", "action_flag": 1, "change_message": "[{\"added\": {}}, {\"added\": {\"name\": \"Product Image\", \"object\": \"\\u06af\\u0648\\u0634\\u06cc \\u0645\\u0648\\u0628\\u0627\\u06cc\\u0644 \\u0631\\u06cc\\u0644\\u0645\\u06cc \\u0645\\u062f\\u0644 C71 \\u062f\\u0648 \\u0633\\u06cc\\u0645 \\u06a9\\u0627\\u0631\\u062a \\u0638\\u0631\\u0641\\u06cc\\u062a 256 \\u06af\\u06cc\\u06af\\u0627\\u0628\\u0627\\u06cc\\u062a \\u0648 \\u0631\\u0645 8 \\u06af\\u06cc\\u06af\\u0627\\u0628\\u0627\\u06cc\\u062a\"}}, {\"added\": {\"name\": \"Product Image\", \"object\": \"\\u06af\\u0648\\u0634\\u06cc \\u0645\\u0648\\u0628\\u0627\\u06cc\\u0644 \\u0631\\u06cc\\u0644\\u0645\\u06cc \\u0645\\u062f\\u0644 C71 \\u062f\\u0648 \\u0633\\u06cc\\u0645 \\u06a9\\u0627\\u0631\\u062a \\u0638\\u0631\\u0641\\u06cc\\u062a 256 \\u06af\\u06cc\\u06af\\u0627\\u0628\\u0627\\u06cc\\u062a \\u0648 \\u0631\\u0645 8 \\u06af\\u06cc\\u06af\\u0627\\u0628\\u0627\\u06cc\\u062a\"}}, {\"added\": {\"name\": \"Product Image\", \"object\": \"\\u06af\\u0648\\u0634\\u06cc \\u0645\\u0648\\u0628\\u0627\\u06cc\\u0644 \\u0631\\u06cc\\u0644\\u0645\\u06cc \\u0645\\u062f\\u0644 C71 \\u062f\\u0648 \\u0633\\u06cc\\u0645 \\u06a9\\u0627\\u0631\\u062a \\u0638\\u0631\\u0641\\u06cc\\u062a 256 \\u06af\\u06cc\\u06af\\u0627\\u0628\\u0627\\u06cc\\u062a \\u0648 \\u0631\\u0645 8 \\u06af\\u06cc\\u06af\\u0627\\u0628\\u0627\\u06cc\\u062a\"}}]"}}, {"model": "admin.logentry", "pk": 6, "fields": {"action_time": "2025-12-09T23:55:13.536", "user": "e1430c19-a792-4a4b-a71b-2ae188bed564", "content_type": 9, "object_id": "e2fbcfa5-0a3d-44e2-a33b-1f20e702fa4e", "object_repr": "هدفون بلوتوثی مدل WIRELESS STEREO TWS V5.3 دارای نویز کنسلینگ میکروفون، درگاه شارژ MicroUSB، دارای نمایشگر روی صفحه محفظه شارژ، نشانگر LED، پشتیبانی از فرمان لمسی", "action_flag": 1, "change_message": "[{\"added\": {}}, {\"added\": {\"name\": \"Product Image\", \"object\": \"\\u0647\\u062f\\u0641\\u0648\\u0646 \\u0628\\u0644\\u0648\\u062a\\u0648\\u062b\\u06cc \\u0645\\u062f\\u0644 WIRELESS STEREO TWS V5.3 \\u062f\\u0627\\u0631\\u0627\\u06cc \\u0646\\u0648\\u06cc\\u0632 \\u06a9\\u0646\\u0633\\u0644\\u06cc\\u0646\\u06af \\u0645\\u06cc\\u06a9\\u0631\\u0648\\u0641\\u0648\\u0646\\u060c \\u062f\\u0631\\u06af\\u0627\\u0647 \\u0634\\u0627\\u0631\\u0698 MicroUSB\\u060c \\u062f\\u0627\\u0631\\u0627\\u06cc \\u0646\\u0645\\u0627\\u06cc\\u0634\\u06af\\u0631 \\u0631\\u0648\\u06cc \\u0635\\u0641\\u062d\\u0647 \\u0645\\u062d\\u0641\\u0638\\u0647 \\u0634\\u0627\\u0631\\u0698\\u060c \\u0646\\u0634\\u0627\\u0646\\u06af\\u0631 LED\\u060c \\u067e\\u0634\\u062a\\u06cc\\u0628\\u0627\\u0646\\u06cc \\u0627\\u0632 \\u0641\\u0631\\u0645\\u0627\\u0646 \\u0644\\u0645\\u0633\\u06cc\"}}, {\"added\": {\"name\": \"Product Image\", \"object\": \"\\u0647\\u062f\\u0641\\u0648\\u0646 \\u0628\\u0644\\u0648\\u062a\\u0648\\u062b\\u06cc \\u0645\\u062f\\u0644 WIRELESS STEREO TWS V5.3 \\u062f\\u0627\\u0631\\u0627\\u06cc \\u0646\\u0648\\u06cc\\u0632 \\u06a9\\u0646\\u0633\\u0644\\u06cc\\u0646\\u06af \\u0645\\u06cc\\u06a9\\u0631\\u0648\\u0641\\u0648\\u0646\\u060c \\u062f\\u0631\\u06af\\u0627\\u0647 \\u0634\\u0627\\u0631\\u0698 MicroUSB\\u060c \\u062f\\u0627\\u0631\\u0627\\u06cc \\u0646\\u0645\\u0627\\u06cc\\u0634\\u06af\\u0631 \\u0631\\u0648\\u06cc \\u0635\\u0641\\u062d\\u0647 \\u0645\\u062d\\u0641\\u0638\\u0647 \\u0634\\u0627\\u0631\\u0698\\u060c \\u0646\\u0634\\u0627\\u0646\\u06af\\u0631 LED\\u060c \\u067e\\u0634\\u062a\\u06cc\\u0628\\u0627\\u0646\\u06cc \\u0627\\u0632 \\u0641\\u0631\\u0645\\u0627\\u0646 \\u0644\\u0645\\u0633\\u06cc\"}}, {\"added\": {\"name\": \"Product Image\", \"object\": \"\\u0647\\u062f\\u0641\\u0648\\u0646 \\u0628\\u0644\\u0648\\u062a\\u0648\\u062b\\u06cc \\u0645\\u062f\\u0644 WIRELESS STEREO TWS V5.3 \\u062f\\u0627\\u0631\\u0627\\u06cc \\u0646\\u0648\\u06cc\\u0632 \\u06a9\\u0646\\u0633\\u0644\\u06cc\\u0646\\u06af \\u0645\\u06cc\\u06a9\\u0631\\u0648\\u0641\\u0648\\u0646\\u060c \\u062f\\u0631\\u06af\\u0627\\u0647 \\u0634\\u0627\\u0631\\u0698 MicroUSB\\u060c \\u062f\\u0627\\u0631\\u0627\\u06cc \\u0646\\u0645\\u0627\\u06cc\\u0634\\u06af\\u0631 \\u0631\\u0648\\u06cc \\u0635\\u0641\\u062d\\u0647 \\u0645\\u062d\\u0641\\u0638\\u0647 \\u0634\\u0627\\u0631\\u0698\\u060c \\u0646\\u0634\\u0627\\u0646\\u06af\\u0631 LED\\u060c \\u067e\\u0634\\u062a\\u06cc\\u0628\\u0627\\u0646\\u06cc \\u0627\\u0632 \\u0641\\u0631\\u0645\\u0627\\u0646 \\u0644\\u0645\\u0633\\u06cc\"}}]"}}, {"model": "admin.logentry", "pk": 7, "fields": {"action_time": "2025-12-09T23:55:24.014", "user": "e1430c19-a792-4a4b-a71b-2ae188bed564", "content_type": 4, "object_id": "e1430c19-a792-4a4b-a71b-2ae188bed564", "object_repr": "impoush@gmail.com", "action_flag": 2, "change_message": "[]"}}, {"model": "admin.logentry", "pk": 8, "fields": {"action_time": "2025-12-10T00:01:00.053", "user": "e1430c19-a792-4a4b-a71b-2ae188bed564", "content_type": 9, "object_id": "e2fbcfa5-0a3d-44e2-a33b-1f20e702fa4e", "object_repr": "sdsdsds", "action_flag": 2, "change_message": "[{\"changed\": {\"fields\": [\"Name\"]}}]"}}, {"model": "admin.logentry", "pk": 9, "fields": {"action_time": "2025-12-10T00:01:07.982", "user": "e1430c19-a792-4a4b-a71b-2ae188bed564", "content_type": 9, "object_id": "e5bdc8e6-7da9-4d52-b968-766dd776520e", "object_repr": "sdwewewwew", "action_flag": 2, "change_message": "[{\"changed\": {\"fields\": [\"Name\"]}}]"}}, {"model": "admin.logentry", "pk": 10, "fields": {"action_time": "2025-12-10T00:19:46.940", "user": "e1430c19-a792-4a4b-a71b-2ae188bed564", "content_type": 9, "object_id": "e2fbcfa5-0a3d-44e2-a33b-1f20e702fa4e", "object_repr": "sdsdsds", "action_flag": 2, "change_message": "[{\"changed\": {\"name\": \"Product Image\", \"object\": \"sdsdsds\", \"fields\": [\"Main picture\"]}}]"}}, {"model": "admin.logentry", "pk": 11, "fields": {"action_time": "2025-12-10T00:19:50.867", "user": "e1430c19-a792-4a4b-a71b-2ae188bed564", "content_type": 9, "object_id": "e5bdc8e6-7da9-4d52-b968-766dd776520e", "object_repr": "sdwewewwew", "action_flag": 2, "change_message": "[{\"changed\": {\"name\": \"Product Image\", \"object\": \"sdwewewwew\", \"fields\": [\"Main picture\"]}}]"}}, {"model": "admin.logentry", "pk": 12, "fields": {"action_time": "2025-12-10T02:08:38.075", "user": "e1430c19-a792-4a4b-a71b-2ae188bed564", "content_type": 4, "object_id": "ec985d1c-ad91-4570-a175-5fc2530db6b5", "object_repr": "reree@reeee.com", "action_flag": 3, "change_message": ""}}, {"model": "admin.logentry", "pk": 13, "fields": {"action_time": "2025-12-10T02:08:38.075", "user": "e1430c19-a792-4a4b-a71b-2ae188bed564", "content_type": 4, "object_id": "9a03876e-cb3e-4981-9100-dc5621e4af9e", "object_repr": "reza@reza.com", "action_flag": 3, "change_message": ""}}, {"model": "admin.logentry", "pk": 14, "fields": {"action_time": "2025-12-10T02:08:38.075", "user": "e1430c19-a792-4a4b-a71b-2ae188bed564", "content_type": 4, "object_id": "be49d22f-0f34-40fb-bb17-30392f2e32e3", "object_repr": "pouria@pouria.com", "action_flag": 3, "change_message": ""}}, {"model": "admin.logentry", "pk": 15, "fields": {"action_time": "2025-12-10T02:10:52.404", "user": "e1430c19-a792-4a4b-a71b-2ae188bed564", "content_type": 4, "object_id": "b888e548-2b7e-4218-98f9-72d32ac8c67b", "object_repr": "+989232602184", "action_flag": 3, "change_message": ""}}, {"model": "admin.logentry", "pk": 16, "fields": {"action_time": "2025-12-10T02:43:12.638", "user": "e1430c19-a792-4a4b-a71b-2ae188bed564", "content_type": 4, "object_id": "e0bca2ec-cf93-442f-bc49-2e4f14c36da0", "object_repr": "pouriashiralipour@gmail.com", "action_flag": 3, "change_message": ""}}, {"model": "admin.logentry", "pk": 17, "fields": {"action_time": "2025-12-10T02:46:43.454", "user": "e1430c19-a792-4a4b-a71b-2ae188bed564", "content_type": 4, "object_id": "363203f7-dd5a-49b8-b69d-a8a3d4720998", "object_repr": "reza@rexa.com", "action_flag": 2, "change_message": "[{\"changed\": {\"fields\": [\"password\"]}}]"}}, {"model": "admin.logentry", "pk": 18, "fields": {"action_time": "2025-12-10T03:15:56.507", "user": "e1430c19-a792-4a4b-a71b-2ae188bed564", "content_type": 4, "object_id": "363203f7-dd5a-49b8-b69d-a8a3d4720998", "object_repr": "reza@rexa.com", "action_flag": 3, "change_message": ""}}, {"model": "admin.logentry", "pk": 19, "fields": {"action_time": "2025-12-10T03:18:25.430", "user": "e1430c19-a792-4a4b-a71b-2ae188bed564", "content_type": 4, "object_id": "8d4990a5-c71c-40ab-8258-0d76bbe8cb5f", "object_repr": "pouriashiralipour@gmail.com", "action_flag": 2, "change_message": "[{\"changed\": {\"fields\": [\"Email\", \"First name\", \"Last name\", \"Nickname\"]}}]"}}, {"model": "admin.logentry", "pk": 20, "fields": {"action_time": "2025-12-10T18:12:38.666", "user": "e1430c19-a792-4a4b-a71b-2ae188bed564", "content_type": 6, "object_id": "2", "object_repr": "sasasa232", "action_flag": 3, "change_message": ""}}, {"model": "admin.logentry", "pk": 21, "fields": {"action_time": "2025-12-10T18:12:38.666", "user": "e1430c19-a792-4a4b-a71b-2ae188bed564", "content_type": 6, "object_id": "1", "object_repr": "sasasa", "action_flag": 3, "change_message": ""}}, {"model": "admin.logentry", "pk": 22, "fields": {"action_time": "2025-12-10T18:12:49.033", "user": "e1430c19-a792-4a4b-a71b-2ae188bed564", "content_type": 6, "object_id": "3", "object_repr": "تراریوم", "action_flag": 1, "change_message": "[{\"added\": {}}]"}}, {"model": "admin.logentry", "pk": 23, "fields": {"action_time": "2025-12-10T18:13:33.152", "user": "e1430c19-a792-4a4b-a71b-2ae188bed564", "content_type": 6, "object_id": "4", "object_repr": "زاموفیلیا", "action_flag": 1, "change_message": "[{\"added\": {}}]"}}, {"model": "admin.logentry", "pk": 24, "fields": {"action_time": "2025-12-10T18:14:20.580", "user": "e1430c19-a792-4a4b-a71b-2ae188bed564", "content_type": 6, "object_id": "5", "object_repr": "موساریوم", "action_flag": 1, "change_message": "[{\"added\": {}}]"}}, {"model": "admin.logentry", "pk": 25, "fields": {"action_time": "2025-12-10T18:14:52.286", "user": "e1430c19-a792-4a4b-a71b-2ae188bed564", "content_type": 6, "object_id": "6", "object_repr": "برگ انجیری", "action_flag": 1, "change_message": "[{\"added\": {}}]"}}, {"model": "admin.logentry", "pk": 26, "fields": {"action_time": "2025-12-10T18:15:43.747", "user": "e1430c19-a792-4a4b-a71b-2ae188bed564", "content_type": 6, "object_id": "7", "object_repr": "فیلودندرون", "action_flag": 1, "change_message": "[{\"added\": {}}]"}}, {"model": "admin.logentry", "pk": 27, "fields": {"action_time": "2025-12-10T18:16:50.335", "user": "e1430c19-a792-4a4b-a71b-2ae188bed564", "content_type": 9, "object_id": "e2fbcfa5-0a3d-44e2-a33b-1f20e702fa4e", "object_repr": "sdsdsds", "action_flag": 3, "change_message": ""}}, {"model": "admin.logentry", "pk": 28, "fields": {"action_time": "2025-12-10T18:16:50.335", "user": "e1430c19-a792-4a4b-a71b-2ae188bed564", "content_type": 9, "object_id": "e5bdc8e6-7da9-4d52-b968-766dd776520e", "object_repr": "sdwewewwew", "action_flag": 3, "change_message": ""}}, {"model": "admin.logentry", "pk": 29, "fields": {"action_time": "2025-12-10T18:18:49.161", "user": "e1430c19-a792-4a4b-a71b-2ae188bed564", "content_type": 9, "object_id": "411562f5-80ac-4834-9784-8ebe76ec855f", "object_repr": "گیاه فیلودندرون پرتقالی", "action_flag": 1, "change_message": "[{\"added\": {}}, {\"added\": {\"name\": \"Product Image\", \"object\": \"\\u06af\\u06cc\\u0627\\u0647 \\u0641\\u06cc\\u0644\\u0648\\u062f\\u0646\\u062f\\u0631\\u0648\\u0646 \\u067e\\u0631\\u062a\\u0642\\u0627\\u0644\\u06cc\"}}, {\"added\": {\"name\": \"Product Image\", \"object\": \"\\u06af\\u06cc\\u0627\\u0647 \\u0641\\u06cc\\u0644\\u0648\\u062f\\u0646\\u062f\\u0631\\u0648\\u0646 \\u067e\\u0631\\u062a\\u0642\\u0627\\u0644\\u06cc\"}}, {\"added\": {\"name\": \"Product Image\", \"object\": \"\\u06af\\u06cc\\u0627\\u0647 \\u0641\\u06cc\\u0644\\u0648\\u062f\\u0646\\u062f\\u0631\\u0648\\u0646 \\u067e\\u0631\\u062a\\u0642\\u0627\\u0644\\u06cc\"}}, {\"added\": {\"name\": \"Product Image\", \"object\": \"\\u06af\\u06cc\\u0627\\u0647 \\u0641\\u06cc\\u0644\\u0648\\u062f\\u0646\\u062f\\u0631\\u0648\\u0646 \\u067e\\u0631\\u062a\\u0642\\u0627\\u0644\\u06cc\"}}]"}}, {"model": "admin.logentry", "pk": 30, "fields": {"action_time": "2025-12-10T18:31:40.408", "user": "e1430c19-a792-4a4b-a71b-2ae188bed564", "content_type": 9, "object_id": "41cf33a5-1a3b-45f1-ade2-bc4c24d7d224", "object_repr": "گیاه فیلودندرون امپریال قرمز", "action_flag": 1, "change_message": "[{\"added\": {}}, {\"added\": {\"name\": \"Product Image\", \"object\": \"\\u06af\\u06cc\\u0627\\u0647 \\u0641\\u06cc\\u0644\\u0648\\u062f\\u0646\\u062f\\u0631\\u0648\\u0646 \\u0627\\u0645\\u067e\\u0631\\u06cc\\u0627\\u0644 \\u0642\\u0631\\u0645\\u0632\"}}, {\"added\": {\"name\": \"Product Image\", \"object\": \"\\u06af\\u06cc\\u0627\\u0647 \\u0641\\u06cc\\u0644\\u0648\\u062f\\u0646\\u062f\\u0631\\u0648\\u0646 \\u0627\\u0645\\u067e\\u0631\\u06cc\\u0627\\u0644 \\u0642\\u0631\\u0645\\u0632\"}}, {\"added\": {\"name\": \"Product Image\", \"object\": \"\\u06af\\u06cc\\u0627\\u0647 \\u0641\\u06cc\\u0644\\u0648\\u062f\\u0646\\u062f\\u0631\\u0648\\u0646 \\u0627\\u0645\\u067e\\u0631\\u06cc\\u0627\\u0644 \\u0642\\u0631\\u0645\\u0632\"}}, {\"added\": {\"name\": \"Product Image\", \"object\": \"\\u06af\\u06cc\\u0627\\u0647 \\u0641\\u06cc\\u0644\\u0648\\u062f\\u0646\\u062f\\u0631\\u0648\\u0646 \\u0627\\u0645\\u067e\\u0631\\u06cc\\u0627\\u0644 \\u0642\\u0631\\u0645\\u0632\"}}, {\"added\": {\"name\": \"Product Image\", \"object\": \"\\u06af\\u06cc\\u0627\\u0647 \\u0641\\u06cc\\u0644\\u0648\\u062f\\u0646\\u062f\\u0631\\u0648\\u0646 \\u0627\\u0645\\u067e\\u0631\\u06cc\\u0627\\u0644 \\u0642\\u0631\\u0645\\u0632\"}}]"}}, {"model": "admin.logentry", "pk": 31, "fields": {"action_time": "2025-12-10T18:32:43.326", "user": "e1430c19-a792-4a4b-a71b-2ae188bed564", "content_type": 9, "object_id": "005578b6-7bac-4360-a06d-df350e4be3d3", "object_repr": "فیلودندرون برکین", "action_flag": 1, "change_message": "[{\"added\": {}}, {\"added\": {\"name\": \"Product Image\", \"object\": \"\\u0641\\u06cc\\u0644\\u0648\\u062f\\u0646\\u062f\\u0631\\u0648\\u0646 \\u0628\\u0631\\u06a9\\u06cc\\u0646\"}}, {\"added\": {\"name\": \"Product Image\", \"object\": \"\\u0641\\u06cc\\u0644\\u0648\\u062f\\u0646\\u062f\\u0631\\u0648\\u0646 \\u0628\\u0631\\u06a9\\u06cc\\u0646\"}}, {\"added\": {\"name\": \"Product Image\", \"object\": \"\\u0641\\u06cc\\u0644\\u0648\\u062f\\u0646\\u062f\\u0631\\u0648\\u0646 \\u0628\\u0631\\u06a9\\u06cc\\u0646\"}}, {\"added\": {\"name\": \"Product Image\", \"object\": \"\\u0641\\u06cc\\u0644\\u0648\\u062f\\u0646\\u062f\\u0631\\u0648\\u0646 \\u0628\\u0631\\u06a9\\u06cc\\u0646\"}}]"}}, {"model": "admin.logentry", "pk": 32, "fields": {"action_time": "2025-12-10T18:33:00.924", "user": "e1430c19-a792-4a4b-a71b-2ae188bed564", "content_type": 9, "object_id": "41cf33a5-1a3b-45f1-ade2-bc4c24d7d224", "object_repr": "فیلودندرون امپریال قرمز", "action_flag": 2, "change_message": "[{\"changed\": {\"fields\": [\"Name\", \"Slug\"]}}]"}}, {"model": "admin.logentry", "pk": 33, "fields": {"action_time": "2025-12-10T18:33:13.990", "user": "e1430c19-a792-4a4b-a71b-2ae188bed564", "content_type": 9, "object_id": "411562f5-80ac-4834-9784-8ebe76ec855f", "object_repr": "فیلودندرون پرتقالی", "action_flag": 2, "change_message": "[{\"changed\": {\"fields\": [\"Name\", \"Slug\"]}}]"}}, {"model": "admin.logentry", "pk": 34, "fields": {"action_time": "2025-12-10T18:33:56.479", "user": "e1430c19-a792-4a4b-a71b-2ae188bed564", "content_type": 6, "object_id": "8", "object_repr": "پتوس", "action_flag": 1, "change_message": "[{\"added\": {}}]"}}, {"model": "admin.logentry", "pk": 35, "fields": {"action_time": "2025-12-10T18:34:53.107", "user": "e1430c19-a792-4a4b-a71b-2ae188bed564", "content_type": 9, "object_id": "55fd7f93-c99b-4a1b-88b1-32430bbcfbce", "object_repr": "اسکاندیس سبز رومیزی", "action_flag": 1, "change_message": "[{\"added\": {}}, {\"added\": {\"name\": \"Product Image\", \"object\": \"\\u0627\\u0633\\u06a9\\u0627\\u0646\\u062f\\u06cc\\u0633 \\u0633\\u0628\\u0632 \\u0631\\u0648\\u0645\\u06cc\\u0632\\u06cc\"}}, {\"added\": {\"name\": \"Product Image\", \"object\": \"\\u0627\\u0633\\u06a9\\u0627\\u0646\\u062f\\u06cc\\u0633 \\u0633\\u0628\\u0632 \\u0631\\u0648\\u0645\\u06cc\\u0632\\u06cc\"}}, {\"added\": {\"name\": \"Product Image\", \"object\": \"\\u0627\\u0633\\u06a9\\u0627\\u0646\\u062f\\u06cc\\u0633 \\u0633\\u0628\\u0632 \\u0631\\u0648\\u0645\\u06cc\\u0632\\u06cc\"}}]"}}, {"model": "admin.logentry", "pk": 36, "fields": {"action_time": "2025-12-10T18:36:11.350", "user": "e1430c19-a792-4a4b-a71b-2ae188bed564", "content_type": 6, "object_id": "9", "object_repr": "نخل آپارتمانی", "action_flag": 1, "change_message": "[{\"added\": {}}]"}}, {"model": "admin.logentry", "pk": 37, "fields": {"action_time": "2025-12-10T18:38:02.291", "user": "e1430c19-a792-4a4b-a71b-2ae188bed564", "content_type": 6, "object_id": "10", "object_repr": "شفلرا", "action_flag": 1, "change_message": "[{\"added\": {}}]"}}, {"model": "admin.logentry", "pk": 38, "fields": {"action_time": "2025-12-10T18:39:07.200", "user": "e1430c19-a792-4a4b-a71b-2ae188bed564", "content_type": 9, "object_id": "5fc49be6-95a3-4a0a-809b-205c401b69a9", "object_repr": "شفلرا آمیت", "action_flag": 1, "change_message": "[{\"added\": {}}, {\"added\": {\"name\": \"Product Image\", \"object\": \"\\u0634\\u0641\\u0644\\u0631\\u0627 \\u0622\\u0645\\u06cc\\u062a\"}}, {\"added\": {\"name\": \"Product Image\", \"object\": \"\\u0634\\u0641\\u0644\\u0631\\u0627 \\u0622\\u0645\\u06cc\\u062a\"}}, {\"added\": {\"name\": \"Product Image\", \"object\": \"\\u0634\\u0641\\u0644\\u0631\\u0627 \\u0622\\u0645\\u06cc\\u062a\"}}, {\"added\": {\"name\": \"Product Image\", \"object\": \"\\u0634\\u0641\\u0644\\u0631\\u0627 \\u0622\\u0645\\u06cc\\u062a\"}}]"}}, {"model": "admin.logentry", "pk": 39, "fields": {"action_time": "2025-12-10T18:40:13.237", "user": "e1430c19-a792-4a4b-a71b-2ae188bed564", "content_type": 9, "object_id": "c30d0a6b-624b-4990-9d5c-f610ed5510e3", "object_repr": "شامادورا گلدان فلزی", "action_flag": 1, "change_message": "[{\"added\": {}}, {\"added\": {\"name\": \"Product Image\", \"object\": \"\\u0634\\u0627\\u0645\\u0627\\u062f\\u0648\\u0631\\u0627 \\u06af\\u0644\\u062f\\u0627\\u0646 \\u0641\\u0644\\u0632\\u06cc\"}}]"}}, {"model": "admin.logentry", "pk": 40, "fields": {"action_time": "2025-12-10T18:41:16.171", "user": "e1430c19-a792-4a4b-a71b-2ae188bed564", "content_type": 9, "object_id": "7cc80241-7f8a-4306-ba3e-22908dca9d8d", "object_repr": "موساریوم بنسای فیکوس طرح تاب عشق", "action_flag": 1, "change_message": "[{\"added\": {}}, {\"added\": {\"name\": \"Product Image\", \"object\": \"\\u0645\\u0648\\u0633\\u0627\\u0631\\u06cc\\u0648\\u0645 \\u0628\\u0646\\u0633\\u0627\\u06cc \\u0641\\u06cc\\u06a9\\u0648\\u0633 \\u0637\\u0631\\u062d \\u062a\\u0627\\u0628 \\u0639\\u0634\\u0642\"}}, {\"added\": {\"name\": \"Product Image\", \"object\": \"\\u0645\\u0648\\u0633\\u0627\\u0631\\u06cc\\u0648\\u0645 \\u0628\\u0646\\u0633\\u0627\\u06cc \\u0641\\u06cc\\u06a9\\u0648\\u0633 \\u0637\\u0631\\u062d \\u062a\\u0627\\u0628 \\u0639\\u0634\\u0642\"}}, {\"added\": {\"name\": \"Product Image\", \"object\": \"\\u0645\\u0648\\u0633\\u0627\\u0631\\u06cc\\u0648\\u0645 \\u0628\\u0646\\u0633\\u0627\\u06cc \\u0641\\u06cc\\u06a9\\u0648\\u0633 \\u0637\\u0631\\u062d \\u062a\\u0627\\u0628 \\u0639\\u0634\\u0642\"}}]"}}, {"model": "admin.logentry", "pk": 41, "fields": {"action_time": "2025-12-10T18:42:38.218", "user": "e1430c19-a792-4a4b-a71b-2ae188bed564", "content_type": 9, "object_id": "ea9d747d-78c1-4453-8616-8a124c5b61f8", "object_repr": "موساریوم چراغدار طرح جنگل بامبو چین", "action_flag": 1, "change_message": "[{\"added\": {}}, {\"added\": {\"name\": \"Product Image\", \"object\": \"\\u0645\\u0648\\u0633\\u0627\\u0631\\u06cc\\u0648\\u0645 \\u0686\\u0631\\u0627\\u063a\\u062f\\u0627\\u0631 \\u0637\\u0631\\u062d \\u062c\\u0646\\u06af\\u0644 \\u0628\\u0627\\u0645\\u0628\\u0648 \\u0686\\u06cc\\u0646\"}}, {\"added\": {\"name\": \"Product Image\", \"object\": \"\\u0645\\u0648\\u0633\\u0627\\u0631\\u06cc\\u0648\\u0645 \\u0686\\u0631\\u0627\\u063a\\u062f\\u0627\\u0631 \\u0637\\u0631\\u062d \\u062c\\u0646\\u06af\\u0644 \\u0628\\u0627\\u0645\\u0628\\u0648 \\u0686\\u06cc\\u0646\"}}, {\"added\": {\"name\": \"Product Image\", \"object\": \"\\u0645\\u0648\\u0633\\u0627\\u0631\\u06cc\\u0648\\u0645 \\u0686\\u0631\\u0627\\u063a\\u062f\\u0627\\u0631 \\u0637\\u0631\\u062d \\u062c\\u0646\\u06af\\u0644 \\u0628\\u0627\\u0645\\u0628\\u0648 \\u0686\\u06cc\\u0646\"}}, {\"added\": {\"name\": \"Product Image\", \"object\": \"\\u0645\\u0648\\u0633\\u0627\\u0631\\u06cc\\u0648\\u0645 \\u0686\\u0631\\u0627\\u063a\\u062f\\u0627\\u0631 \\u0637\\u0631\\u062d \\u062c\\u0646\\u06af\\u0644 \\u0628\\u0627\\u0645\\u0628\\u0648 \\u0686\\u06cc\\u0646\"}}, {\"added\": {\"name\": \"Product Image\", \"object\": \"\\u0645\\u0648\\u0633\\u0627\\u0631\\u06cc\\u0648\\u0645 \\u0686\\u0631\\u0627\\u063a\\u062f\\u0627\\u0631 \\u0637\\u0631\\u062d \\u062c\\u0646\\u06af\\u0644 \\u0628\\u0627\\u0645\\u0628\\u0648 \\u0686\\u06cc\\u0646\"}}]"}}, {"model": "admin.logentry", "pk": 42, "fields": {"action_time": "2025-12-10T18:43:23.152", "user": "e1430c19-a792-4a4b-a71b-2ae188bed564", "content_type": 9, "object_id": "2c70aa91-fcf5-4d46-9b84-acb63e65c5d9", "object_repr": "تراریوم رطوبتی طرح بیگ جنگل", "action_flag": 1, "change_message": "[{\"added\": {}}, {\"added\": {\"name\": \"Product Image\", \"object\": \"\\u062a\\u0631\\u0627\\u0631\\u06cc\\u0648\\u0645 \\u0631\\u0637\\u0648\\u0628\\u062a\\u06cc \\u0637\\u0631\\u062d \\u0628\\u06cc\\u06af \\u062c\\u0646\\u06af\\u0644\"}}, {\"added\": {\"name\": \"Product Image\", \"object\": \"\\u062a\\u0631\\u0627\\u0631\\u06cc\\u0648\\u0645 \\u0631\\u0637\\u0648\\u0628\\u062a\\u06cc \\u0637\\u0631\\u062d \\u0628\\u06cc\\u06af \\u062c\\u0646\\u06af\\u0644\"}}, {\"added\": {\"name\": \"Product Image\", \"object\": \"\\u062a\\u0631\\u0627\\u0631\\u06cc\\u0648\\u0645 \\u0631\\u0637\\u0648\\u0628\\u062a\\u06cc \\u0637\\u0631\\u062d \\u0628\\u06cc\\u06af \\u062c\\u0646\\u06af\\u0644\"}}]"}}, {"model": "admin.logentry", "pk": 43, "fields": {"action_time": "2025-12-10T18:44:13.460", "user": "e1430c19-a792-4a4b-a71b-2ae188bed564", "content_type": 9, "object_id": "53c18ce8-7358-470f-aab0-a15d777e1bf3", "object_repr": "تراریوم بنسای فیکوس طرح یلو سیگنچر", "action_flag": 1, "change_message": "[{\"added\": {}}, {\"added\": {\"name\": \"Product Image\", \"object\": \"\\u062a\\u0631\\u0627\\u0631\\u06cc\\u0648\\u0645 \\u0628\\u0646\\u0633\\u0627\\u06cc \\u0641\\u06cc\\u06a9\\u0648\\u0633 \\u0637\\u0631\\u062d \\u06cc\\u0644\\u0648 \\u0633\\u06cc\\u06af\\u0646\\u0686\\u0631\"}}, {\"added\": {\"name\": \"Product Image\", \"object\": \"\\u062a\\u0631\\u0627\\u0631\\u06cc\\u0648\\u0645 \\u0628\\u0646\\u0633\\u0627\\u06cc \\u0641\\u06cc\\u06a9\\u0648\\u0633 \\u0637\\u0631\\u062d \\u06cc\\u0644\\u0648 \\u0633\\u06cc\\u06af\\u0646\\u0686\\u0631\"}}, {\"added\": {\"name\": \"Product Image\", \"object\": \"\\u062a\\u0631\\u0627\\u0631\\u06cc\\u0648\\u0645 \\u0628\\u0646\\u0633\\u0627\\u06cc \\u0641\\u06cc\\u06a9\\u0648\\u0633 \\u0637\\u0631\\u062d \\u06cc\\u0644\\u0648 \\u0633\\u06cc\\u06af\\u0646\\u0686\\u0631\"}}, {\"added\": {\"name\": \"Product Image\", \"object\": \"\\u062a\\u0631\\u0627\\u0631\\u06cc\\u0648\\u0645 \\u0628\\u0646\\u0633\\u0627\\u06cc \\u0641\\u06cc\\u06a9\\u0648\\u0633 \\u0637\\u0631\\u062d \\u06cc\\u0644\\u0648 \\u0633\\u06cc\\u06af\\u0646\\u0686\\u0631\"}}]"}}, {"model": "admin.logentry", "pk": 44, "fields": {"action_time": "2025-12-10T18:45:01.351", "user": "e1430c19-a792-4a4b-a71b-2ae188bed564", "content_type": 9, "object_id": "821383b9-5a94-4787-84c6-8681b99a3424", "object_repr": "راریوم لوتوس بامبو طرح وایت استیر", "action_flag": 1, "change_message": "[{\"added\": {}}, {\"added\": {\"name\": \"Product Image\", \"object\": \"\\u0631\\u0627\\u0631\\u06cc\\u0648\\u0645 \\u0644\\u0648\\u062a\\u0648\\u0633 \\u0628\\u0627\\u0645\\u0628\\u0648 \\u0637\\u0631\\u062d \\u0648\\u0627\\u06cc\\u062a \\u0627\\u0633\\u062a\\u06cc\\u0631\"}}, {\"added\": {\"name\": \"Product Image\", \"object\": \"\\u0631\\u0627\\u0631\\u06cc\\u0648\\u0645 \\u0644\\u0648\\u062a\\u0648\\u0633 \\u0628\\u0627\\u0645\\u0628\\u0648 \\u0637\\u0631\\u062d \\u0648\\u0627\\u06cc\\u062a \\u0627\\u0633\\u062a\\u06cc\\u0631\"}}, {\"added\": {\"name\": \"Product Image\", \"object\": \"\\u0631\\u0627\\u0631\\u06cc\\u0648\\u0645 \\u0644\\u0648\\u062a\\u0648\\u0633 \\u0628\\u0627\\u0645\\u0628\\u0648 \\u0637\\u0631\\u062d \\u0648\\u0627\\u06cc\\u062a \\u0627\\u0633\\u062a\\u06cc\\u0631\"}}]"}}, {"model": "admin.logentry", "pk": 45, "fields": {"action_time": "2025-12-10T18:45:19.308", "user": "e1430c19-a792-4a4b-a71b-2ae188bed564", "content_type": 9, "object_id": "821383b9-5a94-4787-84c6-8681b99a3424", "object_repr": "تراریوم لوتوس بامبو طرح وایت استیر", "action_flag": 2, "change_message": "[{\"changed\": {\"fields\": [\"Name\", \"Slug\"]}}]"}}, {"model": "admin.logentry", "pk": 46, "fields": {"action_time": "2025-12-10T18:46:52.930", "user": "e1430c19-a792-4a4b-a71b-2ae188bed564", "content_type": 9, "object_id": "1092d590-f856-40c1-8042-9398392a9658", "object_repr": "زاموفیلیا سبز هلندی", "action_flag": 1, "change_message": "[{\"added\": {}}, {\"added\": {\"name\": \"Product Image\", \"object\": \"\\u0632\\u0627\\u0645\\u0648\\u0641\\u06cc\\u0644\\u06cc\\u0627 \\u0633\\u0628\\u0632 \\u0647\\u0644\\u0646\\u062f\\u06cc\"}}, {\"added\": {\"name\": \"Product Image\", \"object\": \"\\u0632\\u0627\\u0645\\u0648\\u0641\\u06cc\\u0644\\u06cc\\u0627 \\u0633\\u0628\\u0632 \\u0647\\u0644\\u0646\\u062f\\u06cc\"}}, {\"added\": {\"name\": \"Product Image\", \"object\": \"\\u0632\\u0627\\u0645\\u0648\\u0641\\u06cc\\u0644\\u06cc\\u0627 \\u0633\\u0628\\u0632 \\u0647\\u0644\\u0646\\u062f\\u06cc\"}}]"}}, {"model": "admin.logentry", "pk": 47, "fields": {"action_time": "2025-12-10T18:47:42.647", "user": "e1430c19-a792-4a4b-a71b-2ae188bed564", "content_type": 9, "object_id": "d70d37f6-d0b0-4297-a4c6-ec6b6c47fae3", "object_repr": "زاموفیلیا بلک رومیزی", "action_flag": 1, "change_message": "[{\"added\": {}}, {\"added\": {\"name\": \"Product Image\", \"object\": \"\\u0632\\u0627\\u0645\\u0648\\u0641\\u06cc\\u0644\\u06cc\\u0627 \\u0628\\u0644\\u06a9 \\u0631\\u0648\\u0645\\u06cc\\u0632\\u06cc\"}}, {\"added\": {\"name\": \"Product Image\", \"object\": \"\\u0632\\u0627\\u0645\\u0648\\u0641\\u06cc\\u0644\\u06cc\\u0627 \\u0628\\u0644\\u06a9 \\u0631\\u0648\\u0645\\u06cc\\u0632\\u06cc\"}}, {\"added\": {\"name\": \"Product Image\", \"object\": \"\\u0632\\u0627\\u0645\\u0648\\u0641\\u06cc\\u0644\\u06cc\\u0627 \\u0628\\u0644\\u06a9 \\u0631\\u0648\\u0645\\u06cc\\u0632\\u06cc\"}}, {\"added\": {\"name\": \"Product Image\", \"object\": \"\\u0632\\u0627\\u0645\\u0648\\u0641\\u06cc\\u0644\\u06cc\\u0627 \\u0628\\u0644\\u06a9 \\u0631\\u0648\\u0645\\u06cc\\u0632\\u06cc\"}}]"}}, {"model": "admin.logentry", "pk": 48, "fields": {"action_time": "2025-12-10T18:48:52.336", "user": "e1430c19-a792-4a4b-a71b-2ae188bed564", "content_type": 6, "object_id": "11", "object_repr": "بامبو", "action_flag": 1, "change_message": "[{\"added\": {}}]"}}, {"model": "admin.logentry", "pk": 49, "fields": {"action_time": "2025-12-10T18:49:32.380", "user": "e1430c19-a792-4a4b-a71b-2ae188bed564", "content_type": 9, "object_id": "1a3da3fe-4b14-4ed4-bba4-c48881a317a9", "object_repr": "بامبو لوتوس آبی سه سایز", "action_flag": 1, "change_message": "[{\"added\": {}}, {\"added\": {\"name\": \"Product Image\", \"object\": \"\\u0628\\u0627\\u0645\\u0628\\u0648 \\u0644\\u0648\\u062a\\u0648\\u0633 \\u0622\\u0628\\u06cc \\u0633\\u0647 \\u0633\\u0627\\u06cc\\u0632\"}}, {\"added\": {\"name\": \"Product Image\", \"object\": \"\\u0628\\u0627\\u0645\\u0628\\u0648 \\u0644\\u0648\\u062a\\u0648\\u0633 \\u0622\\u0628\\u06cc \\u0633\\u0647 \\u0633\\u0627\\u06cc\\u0632\"}}, {\"added\": {\"name\": \"Product Image\", \"object\": \"\\u0628\\u0627\\u0645\\u0628\\u0648 \\u0644\\u0648\\u062a\\u0648\\u0633 \\u0622\\u0628\\u06cc \\u0633\\u0647 \\u0633\\u0627\\u06cc\\u0632\"}}, {\"added\": {\"name\": \"Product Image\", \"object\": \"\\u0628\\u0627\\u0645\\u0628\\u0648 \\u0644\\u0648\\u062a\\u0648\\u0633 \\u0622\\u0628\\u06cc \\u0633\\u0647 \\u0633\\u0627\\u06cc\\u0632\"}}, {\"added\": {\"name\": \"Product Image\", \"object\": \"\\u0628\\u0627\\u0645\\u0628\\u0648 \\u0644\\u0648\\u062a\\u0648\\u0633 \\u0622\\u0628\\u06cc \\u0633\\u0647 \\u0633\\u0627\\u06cc\\u0632\"}}]"}}, {"model": "admin.logentry", "pk": 50, "fields": {"action_time": "2025-12-10T18:50:07.802", "user": "e1430c19-a792-4a4b-a71b-2ae188bed564", "content_type": 9, "object_id": "ec902523-a672-46e9-aab0-06566e2a3a16", "object_repr": "بامبو خاکی سیلور", "action_flag": 1, "change_message": "[{\"added\": {}}, {\"added\": {\"name\": \"Product Image\", \"object\": \"\\u0628\\u0627\\u0645\\u0628\\u0648 \\u062e\\u0627\\u06a9\\u06cc \\u0633\\u06cc\\u0644\\u0648\\u0631\"}}, {\"added\": {\"name\": \"Product Image\", \"object\": \"\\u0628\\u0627\\u0645\\u0628\\u0648 \\u062e\\u0627\\u06a9\\u06cc \\u0633\\u06cc\\u0644\\u0648\\u0631\"}}, {\"added\": {\"name\": \"Product Image\", \"object\": \"\\u0628\\u0627\\u0645\\u0628\\u0648 \\u062e\\u0627\\u06a9\\u06cc \\u0633\\u06cc\\u0644\\u0648\\u0631\"}}]"}}, {"model": "admin.logentry", "pk": 51, "fields": {"action_time": "2025-12-10T18:51:13.524", "user": "e1430c19-a792-4a4b-a71b-2ae188bed564", "content_type": 9, "object_id": "437575da-cb5c-48c5-b0fb-ed99d5cde429", "object_repr": "لاکی بامبو 100 Cm", "action_flag": 1, "change_message": "[{\"added\": {}}, {\"added\": {\"name\": \"Product Image\", \"object\": \"\\u0644\\u0627\\u06a9\\u06cc \\u0628\\u0627\\u0645\\u0628\\u0648 100 Cm\"}}, {\"added\": {\"name\": \"Product Image\", \"object\": \"\\u0644\\u0627\\u06a9\\u06cc \\u0628\\u0627\\u0645\\u0628\\u0648 100 Cm\"}}, {\"added\": {\"name\": \"Product Image\", \"object\": \"\\u0644\\u0627\\u06a9\\u06cc \\u0628\\u0627\\u0645\\u0628\\u0648 100 Cm\"}}, {\"added\": {\"name\": \"Product Image\", \"object\": \"\\u0644\\u0627\\u06a9\\u06cc \\u0628\\u0627\\u0645\\u0628\\u0648 100 Cm\"}}]"}}, {"model": "admin.logentry", "pk": 52, "fields": {"action_time": "2025-12-10T22:13:51.752", "user": "e1430c19-a792-4a4b-a71b-2ae188bed564", "content_type": 14, "object_id": "1", "object_repr": "پوریا شیرالی پور:لاکی بامبو 100 Cm", "action_flag": 1, "change_message": "[{\"added\": {}}]"}}, {"model": "admin.logentry", "pk": 53, "fields": {"action_time": "2025-12-10T22:14:05.940", "user": "e1430c19-a792-4a4b-a71b-2ae188bed564", "content_type": 14, "object_id": "1", "object_repr": "پوریا شیرالی پور:لاکی بامبو 100 Cm", "action_flag": 3, "change_message": ""}}, {"model": "admin.logentry", "pk": 54, "fields": {"action_time": "2025-12-10T23:13:28.240", "user": "e1430c19-a792-4a4b-a71b-2ae188bed564", "content_type": 14, "object_id": "5", "object_repr": "پوریا شیرالی پور:لاکی بامبو 100 Cm", "action_flag": 3, "change_message": ""}}, {"model": "admin.logentry", "pk": 55, "fields": {"action_time": "2025-12-11T17:37:59.893", "user": "e1430c19-a792-4a4b-a71b-2ae188bed564", "content_type": 5, "object_id": "840f3897-0e80-4c4b-b504-922f40d2a3fc", "object_repr": "840f3897-0e80-4c4b-b504-922f40d2a3fc", "action_flag": 3, "change_message": ""}}, {"model": "admin.logentry", "pk": 56, "fields": {"action_time": "2025-12-11T18:45:51.465", "user": "e1430c19-a792-4a4b-a71b-2ae188bed564", "content_type": 5, "object_id": "9482d914-3cee-4e32-81a3-07996da0bb82", "object_repr": "9482d914-3cee-4e32-81a3-07996da0bb82", "action_flag": 3, "change_message": ""}}, {"model": "admin.logentry", "pk": 57, "fields": {"action_time": "2025-12-12T00:12:52.686", "user": "e1430c19-a792-4a4b-a71b-2ae188bed564", "content_type": 5, "object_id": "d2f1f759-1074-44f2-ab36-ec4484f6181d", "object_repr": "d2f1f759-1074-44f2-ab36-ec4484f6181d", "action_flag": 2, "change_message": "[{\"changed\": {\"name\": \"CartItem\", \"object\": \"\\u0628\\u0627\\u0645\\u0628\\u0648 \\u062e\\u0627\\u06a9\\u06cc \\u0633\\u06cc\\u0644\\u0648\\u0631:0\", \"fields\": [\"Quantity\"]}}]"}}, {"model": "admin.logentry", "pk": 58, "fields": {"action_time": "2025-12-12T00:12:57.378", "user": "e1430c19-a792-4a4b-a71b-2ae188bed564", "content_type": 5, "object_id": "d2f1f759-1074-44f2-ab36-ec4484f6181d", "object_repr": "d2f1f759-1074-44f2-ab36-ec4484f6181d", "action_flag": 2, "change_message": "[{\"changed\": {\"name\": \"CartItem\", \"object\": \"\\u0628\\u0627\\u0645\\u0628\\u0648 \\u062e\\u0627\\u06a9\\u06cc \\u0633\\u06cc\\u0644\\u0648\\u0631:1\", \"fields\": [\"Quantity\"]}}]"}}, {"model": "admin.logentry", "pk": 59, "fields": {"action_time": "2025-12-12T00:13:01.033", "user": "e1430c19-a792-4a4b-a71b-2ae188bed564", "content_type": 5, "object_id": "d2f1f759-1074-44f2-ab36-ec4484f6181d", "object_repr": "d2f1f759-1074-44f2-ab36-ec4484f6181d", "action_flag": 2, "change_message": "[{\"deleted\": {\"name\": \"CartItem\", \"object\": \"\\u0628\\u0627\\u0645\\u0628\\u0648 \\u062e\\u0627\\u06a9\\u06cc \\u0633\\u06cc\\u0644\\u0648\\u0631:1\"}}]"}}, {"model": "admin.logentry", "pk": 60, "fields": {"action_time": "2025-12-13T19:36:16.183", "user": "e1430c19-a792-4a4b-a71b-2ae188bed564", "content_type": 5, "object_id": "d2f1f759-1074-44f2-ab36-ec4484f6181d", "object_repr": "d2f1f759-1074-44f2-ab36-ec4484f6181d", "action_flag": 3, "change_message": ""}}, {"model": "admin.logentry", "pk": 61, "fields": {"action_time": "2025-12-13T19:36:21.743", "user": "e1430c19-a792-4a4b-a71b-2ae188bed564", "content_type": 14, "object_id": "10", "object_repr": "پوریا شیرالی پور:تراریوم رطوبتی طرح بیگ جنگل", "action_flag": 3, "change_message": ""}}, {"model": "admin.logentry", "pk": 62, "fields": {"action_time": "2025-12-13T19:36:21.743", "user": "e1430c19-a792-4a4b-a71b-2ae188bed564", "content_type": 14, "object_id": "8", "object_repr": "پوریا شیرالی پور:بامبو خاکی سیلور", "action_flag": 3, "change_message": ""}}, {"model": "admin.logentry", "pk": 63, "fields": {"action_time": "2025-12-16T23:22:22.005", "user": "e1430c19-a792-4a4b-a71b-2ae188bed564", "content_type": 13, "object_id": "1", "object_repr": "Review by 8d4990a5-c71c-40ab-8258-0d76bbe8cb5f — بامبو خاکی سیلور (5/5)", "action_flag": 1, "change_message": "[{\"added\": {}}]"}}, {"model": "admin.logentry", "pk": 64, "fields": {"action_time": "2025-12-16T23:22:34.788", "user": "e1430c19-a792-4a4b-a71b-2ae188bed564", "content_type": 13, "object_id": "2", "object_repr": "Review by e1430c19-a792-4a4b-a71b-2ae188bed564 — بامبو خاکی سیلور (3/5)", "action_flag": 1, "change_message": "[{\"added\": {}}]"}}, {"model": "admin.logentry", "pk": 65, "fields": {"action_time": "2025-12-17T01:06:12.226", "user": "e1430c19-a792-4a4b-a71b-2ae188bed564", "content_type": 13, "object_id": "2", "object_repr": "Review by e1430c19-a792-4a4b-a71b-2ae188bed564 — بامبو خاکی سیلور (3/5)", "action_flag": 2, "change_message": "[{\"changed\": {\"fields\": [\"Comment\"]}}]"}}, {"model": "admin.logentry", "pk": 66, "fields": {"action_time": "2025-12-17T01:37:04.043", "user": "e1430c19-a792-4a4b-a71b-2ae188bed564", "content_type": 13, "object_id": "1", "object_repr": "Review by 8d4990a5-c71c-40ab-8258-0d76bbe8cb5f — بامبو خاکی سیلور (5/5)", "action_flag": 3, "change_message": ""}}, {"model": "auth.permission", "pk": 1, "fields": {"name": "Can add permission", "content_type": 1, "codename": "add_permission"}}, {"model": "auth.permission", "pk": 2, "fields": {"name": "Can change permission", "content_type": 1, "codename": "change_permission"}}, {"model": "auth.permission", "pk": 3, "fields": {"name": "Can delete permission", "content_type": 1, "codename": "delete_permission"}}, {"model": "auth.permission", "pk": 4, "fields": {"name": "Can view permission", "content_type": 1, "codename": "view_permission"}}, {"model": "auth.permission", "pk": 5, "fields": {"name": "Can add group", "content_type": 2, "codename": "add_group"}}, {"model": "auth.permission", "pk": 6, "fields": {"name": "Can change group", "content_type": 2, "codename": "change_group"}}, {"model": "auth.permission", "pk": 7, "fields": {"name": "Can delete group", "content_type": 2, "codename": "delete_group"}}, {"model": "auth.permission", "pk": 8, "fields": {"name": "Can view group", "content_type": 2, "codename": "view_group"}}, {"model": "auth.permission", "pk": 9, "fields": {"name": "Can add content type", "content_type": 3, "codename": "add_contenttype"}}, {"model": "auth.permission", "pk": 10, "fields": {"name": "Can change content type", "content_type": 3, "codename": "change_contenttype"}}, {"model": "auth.permission", "pk": 11, "fields": {"name": "Can delete content type", "content_type": 3, "codename": "delete_contenttype"}}, {"model": "auth.permission", "pk": 12, "fields": {"name": "Can view content type", "content_type": 3, "codename": "view_contenttype"}}, {"model": "auth.permission", "pk": 13, "fields": {"name": "Can add user", "content_type": 4, "codename": "add_customuser"}}, {"model": "auth.permission", "pk": 14, "fields": {"name": "Can change user", "content_type": 4, "codename": "change_customuser"}}, {"model": "auth.permission", "pk": 15, "fields": {"name": "Can delete user", "content_type": 4, "codename": "delete_customuser"}}, {"model": "auth.permission", "pk": 16, "fields": {"name": "Can view user", "content_type": 4, "codename": "view_customuser"}}, {"model": "auth.permission", "pk": 17, "fields": {"name": "Can add Cart", "content_type": 5, "codename": "add_cart"}}, {"model": "auth.permission", "pk": 18, "fields": {"name": "Can change Cart", "content_type": 5, "codename": "change_cart"}}, {"model": "auth.permission", "pk": 19, "fields": {"name": "Can delete Cart", "content_type": 5, "codename": "delete_cart"}}, {"model": "auth.permission", "pk": 20, "fields": {"name": "Can view Cart", "content_type": 5, "codename": "view_cart"}}, {"model": "auth.permission", "pk": 21, "fields": {"name": "Can add Category", "content_type": 6, "codename": "add_category"}}, {"model": "auth.permission", "pk": 22, "fields": {"name": "Can change Category", "content_type": 6, "codename": "change_category"}}, {"model": "auth.permission", "pk": 23, "fields": {"name": "Can delete Category", "content_type": 6, "codename": "delete_category"}}, {"model": "auth.permission", "pk": 24, "fields": {"name": "Can view Category", "content_type": 6, "codename": "view_category"}}, {"model": "auth.permission", "pk": 25, "fields": {"name": "Can add Address", "content_type": 7, "codename": "add_address"}}, {"model": "auth.permission", "pk": 26, "fields": {"name": "Can change Address", "content_type": 7, "codename": "change_address"}}, {"model": "auth.permission", "pk": 27, "fields": {"name": "Can delete Address", "content_type": 7, "codename": "delete_address"}}, {"model": "auth.permission", "pk": 28, "fields": {"name": "Can view Address", "content_type": 7, "codename": "view_address"}}, {"model": "auth.permission", "pk": 29, "fields": {"name": "Can add Order", "content_type": 8, "codename": "add_order"}}, {"model": "auth.permission", "pk": 30, "fields": {"name": "Can change Order", "content_type": 8, "codename": "change_order"}}, {"model": "auth.permission", "pk": 31, "fields": {"name": "Can delete Order", "content_type": 8, "codename": "delete_order"}}, {"model": "auth.permission", "pk": 32, "fields": {"name": "Can view Order", "content_type": 8, "codename": "view_order"}}, {"model": "auth.permission", "pk": 33, "fields": {"name": "Can add Product", "content_type": 9, "codename": "add_product"}}, {"model": "auth.permission", "pk": 34, "fields": {"name": "Can change Product", "content_type": 9, "codename": "change_product"}}, {"model": "auth.permission", "pk": 35, "fields": {"name": "Can delete Product", "content_type": 9, "codename": "delete_product"}}, {"model": "auth.permission", "pk": 36, "fields": {"name": "Can view Product", "content_type": 9, "codename": "view_product"}}, {"model": "auth.permission", "pk": 37, "fields": {"name": "Can add OrderItem", "content_type": 10, "codename": "add_orderitem"}}, {"model": "auth.permission", "pk": 38, "fields": {"name": "Can change OrderItem", "content_type": 10, "codename": "change_orderitem"}}, {"model": "auth.permission", "pk": 39, "fields": {"name": "Can delete OrderItem", "content_type": 10, "codename": "delete_orderitem"}}, {"model": "auth.permission", "pk": 40, "fields": {"name": "Can view OrderItem", "content_type": 10, "codename": "view_orderitem"}}, {"model": "auth.permission", "pk": 41, "fields": {"name": "Can add CartItem", "content_type": 11, "codename": "add_cartitem"}}, {"model": "auth.permission", "pk": 42, "fields": {"name": "Can change CartItem", "content_type": 11, "codename": "change_cartitem"}}, {"model": "auth.permission", "pk": 43, "fields": {"name": "Can delete CartItem", "content_type": 11, "codename": "delete_cartitem"}}, {"model": "auth.permission", "pk": 44, "fields": {"name": "Can view CartItem", "content_type": 11, "codename": "view_cartitem"}}, {"model": "auth.permission", "pk": 45, "fields": {"name": "Can add Product Image", "content_type": 12, "codename": "add_productimage"}}, {"model": "auth.permission", "pk": 46, "fields": {"name": "Can change Product Image", "content_type": 12, "codename": "change_productimage"}}, {"model": "auth.permission", "pk": 47, "fields": {"name": "Can delete Product Image", "content_type": 12, "codename": "delete_productimage"}}, {"model": "auth.permission", "pk": 48, "fields": {"name": "Can view Product Image", "content_type": 12, "codename": "view_productimage"}}, {"model": "auth.permission", "pk": 49, "fields": {"name": "Can add review", "content_type": 13, "codename": "add_review"}}, {"model": "auth.permission", "pk": 50, "fields": {"name": "Can change review", "content_type": 13, "codename": "change_review"}}, {"model": "auth.permission", "pk": 51, "fields": {"name": "Can delete review", "content_type": 13, "codename": "delete_review"}}, {"model": "auth.permission", "pk": 52, "fields": {"name": "Can view review", "content_type": 13, "codename": "view_review"}}, {"model": "auth.permission", "pk": 53, "fields": {"name": "Can add Wishlist", "content_type": 14, "codename": "add_wishlist"}}, {"model": "auth.permission", "pk": 54, "fields": {"name": "Can change Wishlist", "content_type": 14, "codename": "change_wishlist"}}, {"model": "auth.permission", "pk": 55, "fields": {"name": "Can delete Wishlist", "content_type": 14, "codename": "delete_wishlist"}}, {"model": "auth.permission", "pk": 56, "fields": {"name": "Can view Wishlist", "content_type": 14, "codename": "view_wishlist"}}, {"model": "auth.permission", "pk": 57, "fields": {"name": "Can add log entry", "content_type": 15, "codename": "add_logentry"}}, {"model": "auth.permission", "pk": 58, "fields": {"name": "Can change log entry", "content_type": 15, "codename": "change_logentry"}}, {"model": "auth.permission", "pk": 59, "fields": {"name": "Can delete log entry", "content_type": 15, "codename": "delete_logentry"}}, {"model": "auth.permission", "pk": 60, "fields": {"name": "Can view log entry", "content_type": 15, "codename": "view_logentry"}}, {"model": "auth.permission", "pk": 61, "fields": {"name": "Can add session", "content_type": 16, "codename": "add_session"}}, {"model": "auth.permission", "pk": 62, "fields": {"name": "Can change session", "content_type": 16, "codename": "change_session"}}, {"model": "auth.permission", "pk": 63, "fields": {"name": "Can delete session", "content_type": 16, "codename": "delete_session"}}, {"model": "auth.permission", "pk": 64, "fields": {"name": "Can view session", "content_type": 16, "codename": "view_session"}}, {"model": "auth.permission", "pk": 65, "fields": {"name": "Can add Blacklisted Token", "content_type": 17, "codename": "add_blacklistedtoken"}}, {"model": "auth.permission", "pk": 66, "fields": {"name": "Can change Blacklisted Token", "content_type": 17, "codename": "change_blacklistedtoken"}}, {"model": "auth.permission", "pk": 67, "fields": {"name": "Can delete Blacklisted Token", "content_type": 17, "codename": "delete_blacklistedtoken"}}, {"model": "auth.permission", "pk": 68, "fields": {"name": "Can view Blacklisted Token", "content_type": 17, "codename": "view_blacklistedtoken"}}, {"model": "auth.permission", "pk": 69, "fields": {"name": "Can add Outstanding Token", "content_type": 18, "codename": "add_outstandingtoken"}}, {"model": "auth.permission", "pk": 70, "fields": {"name": "Can change Outstanding Token", "content_type": 18, "codename": "change_outstandingtoken"}}, {"model": "auth.permission", "pk": 71, "fields": {"name": "Can delete Outstanding Token", "content_type": 18, "codename": "delete_outstandingtoken"}}, {"model": "auth.permission", "pk": 72, "fields": {"name": "Can view Outstanding Token", "content_type": 18, "codename": "view_outstandingtoken"}}, {"model": "contenttypes.contenttype", "pk": 1, "fields": {"app_label": "auth", "model": "permission"}}, {"model": "contenttypes.contenttype", "pk": 2, "fields": {"app_label": "auth", "model": "group"}}, {"model": "contenttypes.contenttype", "pk": 3, "fields": {"app_label": "contenttypes", "model": "contenttype"}}, {"model": "contenttypes.contenttype", "pk": 4, "fields": {"app_label": "core", "model": "customuser"}}, {"model": "contenttypes.contenttype", "pk": 5, "fields": {"app_label": "store", "model": "cart"}}, {"model": "contenttypes.contenttype", "pk": 6, "fields": {"app_label": "store", "model": "category"}}, {"model": "contenttypes.contenttype", "pk": 7, "fields": {"app_label": "store", "model": "address"}}, {"model": "contenttypes.contenttype", "pk": 8, "fields": {"app_label": "store", "model": "order"}}, {"model": "contenttypes.contenttype", "pk": 9, "fields": {"app_label": "store", "model": "product"}}, {"model": "contenttypes.contenttype", "pk": 10, "fields": {"app_label": "store", "model": "orderitem"}}, {"model": "contenttypes.contenttype", "pk": 11, "fields": {"app_label": "store", "model": "cartitem"}}, {"model": "contenttypes.contenttype", "pk": 12, "fields": {"app_label": "store", "model": "productimage"}}, {"model": "contenttypes.contenttype", "pk": 13, "fields": {"app_label": "store", "model": "review"}}, {"model": "contenttypes.contenttype", "pk": 14, "fields": {"app_label": "store", "model": "wishlist"}}, {"model": "contenttypes.contenttype", "pk": 15, "fields": {"app_label": "admin", "model": "logentry"}}, {"model": "contenttypes.contenttype", "pk": 16, "fields": {"app_label": "sessions", "model": "session"}}, {"model": "contenttypes.contenttype", "pk": 17, "fields": {"app_label": "token_blacklist", "model": "blacklistedtoken"}}, {"model": "contenttypes.contenttype", "pk": 18, "fields": {"app_label": "token_blacklist", "model": "outstandingtoken"}}, {"model": "sessions.session", "pk": "1uekh9x7o2uzc53gw5hb8u15h4qz8z26", "fields": {"session_data": "e30:1vT7Pn:0IkuvfjETzAn1EYaY2z8tbpCkVMulufWTHBl5Biu--8", "expire_date": "2025-12-24T03:16:43.703"}}, {"model": "sessions.session", "pk": "4dhnt8ly67612f9u0oeplsn8xo37x8f0", "fields": {"session_data": ".eJxVjjsOgzAQRO_iOli28drelPQ5A1p7l0ASgcSninL3gESRdCPNe6N5q5a2tW-3ReZ2YHVVYn1tisWKIrrKk897srlyJDalLAzBq8uvlqk8ZTxcftB4n3SZxnUesj4QfbaLvk0sr-Zk_wZ6WvrdLrVJUPuIxmFK0aANgdF0bKkEjxCZGKCgK8FBJ_s9gMTsJFmfI7L6fAGws0AV:1vT6wl:KjLbISqkj8u0dDlo_lLcphR0EQccvMYsGnqzZQc3eK4", "expire_date": "2025-12-24T02:46:43.459"}}, {"model": "sessions.session", "pk": "4vd49f8d641y604spk3cr728kte951u5", "fields": {"session_data": "e30:1vT59q:UeN-QrCHl0rw_THHTt8uGk4EPBfd5sJOAM7bkWwik68", "expire_date": "2025-12-24T00:52:06.400"}}, {"model": "sessions.session", "pk": "76c3li15am2tunmedd5pjo7d1tb9rtns", "fields": {"session_data": "eyJyZXNldF90YXJnZXQiOiIrOTg5MjMyNjAyMTg0In0:1vTOI3:fNKnRwSK4tXLM8t8sX7xgVFe2-Vnmp87HrLiZn3vuZ8", "expire_date": "2025-12-24T21:17:51.524"}}, {"model": "sessions.session", "pk": "bsu0bnmqyvbsbssd5lul4ka3h8pcypmx", "fields": {"session_data": "e30:1vT4VN:9NswRL-k4HkyXYGf-1yG2K24h1nkvjcU8w7-Bbrv-p4", "expire_date": "2025-12-24T00:10:17.147"}}, {"model": "sessions.session", "pk": "eh0xoqndo3sjlvyathix92kn6f07wx8z", "fields": {"session_data": "e30:1vT50e:ODoXY5XR57oX7aqtwb6RmM58pjjJwR_QxcSxKwbw1Jg", "expire_date": "2025-12-24T00:42:36.210"}}, {"model": "sessions.session", "pk": "is1st29sdq9l11bshaok7gn2pwkfz18n", "fields": {"session_data": "e30:1vT6Oq:_LaQ6Z9lZwm5-EMGZDRZ_gIrZ8_ro166ep2-yT0J_aE", "expire_date": "2025-12-24T02:11:40.939"}}, {"model": "sessions.session", "pk": "tll38thqza3kmismom2ge14p3ww1zzos", "fields": {"session_data": "e30:1vT6NS:cyaFuAn4kn3CUukMahzE2wzARBbqR21C5qHzG_A0eTA", "expire_date": "2025-12-24T02:10:14.907"}}, {"model": "sessions.session", "pk": "ufda264877t2p5glckghq96qg6s67j0k", "fields": {"session_data": "e30:1vT6tz:JdJS8QXFT8FnYnQoyzXwnRlGdHVjVp1P0uDPJ3GtG4s", "expire_date": "2025-12-24T02:43:51.826"}}, {"model": "token_blacklist.outstandingtoken", "pk": 1, "fields": {"user": "e1430c19-a792-4a4b-a71b-2ae188bed564", "jti": "ec5710b299024fe38f88b3298533a51a", "token": "eyJhbGciOiJIUzI1NiIsInR5cCI6IkpXVCJ9.eyJ0b2tlbl90eXBlIjoicmVmcmVzaCIsImV4cCI6MTc2NTM5NDQ1MCwiaWF0IjoxNzY1MzA4MDUwLCJqdGkiOiJlYzU3MTBiMjk5MDI0ZmUzOGY4OGIzMjk4NTMzYTUxYSIsInVzZXJfaWQiOiJlMTQzMGMxOS1hNzkyLTRhNGItYTcxYi0yYWUxODhiZWQ1NjQifQ.erbmNwK_yRa8zNLmV50PGy4C9czoZxuLbz252t3i81I", "created_at": "2025-12-09T19:20:50.271", "expires_at": "2025-12-10T19:20:50"}}, {"model": "token_blacklist.outstandingtoken", "pk": 2, "fields": {"user": "e1430c19-a792-4a4b-a71b-2ae188bed564", "jti": "3b23c17201994c45b42d9743fa33901a", "token": "eyJhbGciOiJIUzI1NiIsInR5cCI6IkpXVCJ9.eyJ0b2tlbl90eXBlIjoicmVmcmVzaCIsImV4cCI6MTc2NTM5NDUwNCwiaWF0IjoxNzY1MzA4MTA0LCJqdGkiOiIzYjIzYzE3MjAxOTk0YzQ1YjQyZDk3NDNmYTMzOTAxYSIsInVzZXJfaWQiOiJlMTQzMGMxOS1hNzkyLTRhNGItYTcxYi0yYWUxODhiZWQ1NjQifQ.QMBHfAuBwG1q-2UmPJ2iR3qCrkFlmXIroQU3406YWeE", "created_at": "2025-12-09T19:21:44.725", "expires_at": "2025-12-10T19:21:44"}}, {"model": "token_blacklist.outstandingtoken", "pk": 3, "fields": {"user": "e1430c19-a792-4a4b-a71b-2ae188bed564", "jti": "ec6df894b4bf4d8e8b40958572018300", "token": "eyJhbGciOiJIUzI1NiIsInR5cCI6IkpXVCJ9.eyJ0b2tlbl90eXBlIjoicmVmcmVzaCIsImV4cCI6MTc2NTM5ODY0MCwiaWF0IjoxNzY1MzEyMjQwLCJqdGkiOiJlYzZkZjg5NGI0YmY0ZDhlOGI0MDk1ODU3MjAxODMwMCIsInVzZXJfaWQiOiJlMTQzMGMxOS1hNzkyLTRhNGItYTcxYi0yYWUxODhiZWQ1NjQifQ.AujF6_Btm0csqkYAFOzD3voj84JhIHgaZN_2albENdw", "created_at": "2025-12-09T20:30:40.797", "expires_at": "2025-12-10T20:30:40"}}, {"model": "token_blacklist.outstandingtoken", "pk": 4, "fields": {"user": "e1430c19-a792-4a4b-a71b-2ae188bed564", "jti": "a8047aedbfa34058bd24b3a898611e3d", "token": "eyJhbGciOiJIUzI1NiIsInR5cCI6IkpXVCJ9.eyJ0b2tlbl90eXBlIjoicmVmcmVzaCIsImV4cCI6MTc2NTM5ODc1NywiaWF0IjoxNzY1MzEyMzU3LCJqdGkiOiJhODA0N2FlZGJmYTM0MDU4YmQyNGIzYTg5ODYxMWUzZCIsInVzZXJfaWQiOiJlMTQzMGMxOS1hNzkyLTRhNGItYTcxYi0yYWUxODhiZWQ1NjQifQ.g56Cc3nUUhFyAry-UWj_rJ_DP26ioCJXrm5ikxjrjgA", "created_at": "2025-12-09T20:32:37.805", "expires_at": "2025-12-10T20:32:37"}}, {"model": "token_blacklist.outstandingtoken", "pk": 5, "fields": {"user": "e1430c19-a792-4a4b-a71b-2ae188bed564", "jti": "3b2358c2e4b84fd7bb63847120ba53bd", "token": "eyJhbGciOiJIUzI1NiIsInR5cCI6IkpXVCJ9.eyJ0b2tlbl90eXBlIjoicmVmcmVzaCIsImV4cCI6MTc2NTM5ODkwMywiaWF0IjoxNzY1MzEyNTAzLCJqdGkiOiIzYjIzNThjMmU0Yjg0ZmQ3YmI2Mzg0NzEyMGJhNTNiZCIsInVzZXJfaWQiOiJlMTQzMGMxOS1hNzkyLTRhNGItYTcxYi0yYWUxODhiZWQ1NjQifQ.F5lGIC9FKNC1wnw9c8V1r3y3IvjGrCwfsuwi8LtK930", "created_at": "2025-12-09T20:35:03.999", "expires_at": "2025-12-10T20:35:03"}}, {"model": "token_blacklist.outstandingtoken", "pk": 6, "fields": {"user": null, "jti": "09fc3e99b7c44c47a89c726865d72068", "token": "eyJhbGciOiJIUzI1NiIsInR5cCI6IkpXVCJ9.eyJ0b2tlbl90eXBlIjoicmVmcmVzaCIsImV4cCI6MTc2NTM5OTIxNywiaWF0IjoxNzY1MzEyODE3LCJqdGkiOiIwOWZjM2U5OWI3YzQ0YzQ3YTg5YzcyNjg2NWQ3MjA2OCIsInVzZXJfaWQiOiJiZTQ5ZDIyZi0wZjM0LTQwZmItYmIxNy0zMDM5MmYyZTMyZTMifQ.DpGlQ2ea1QZ-rOCn54J23MvBwey7wfu-79zlMsxIcbU", "created_at": "2025-12-09T20:40:17.145", "expires_at": "2025-12-10T20:40:17"}}, {"model": "token_blacklist.outstandingtoken", "pk": 7, "fields": {"user": "e1430c19-a792-4a4b-a71b-2ae188bed564", "jti": "0886eeea37164c8f9f75d610d6f23f25", "token": "eyJhbGciOiJIUzI1NiIsInR5cCI6IkpXVCJ9.eyJ0b2tlbl90eXBlIjoicmVmcmVzaCIsImV4cCI6MTc2NTM5OTMzNywiaWF0IjoxNzY1MzEyOTM3LCJqdGkiOiIwODg2ZWVlYTM3MTY0YzhmOWY3NWQ2MTBkNmYyM2YyNSIsInVzZXJfaWQiOiJlMTQzMGMxOS1hNzkyLTRhNGItYTcxYi0yYWUxODhiZWQ1NjQifQ.iNtw8vVy8KA9lh5ipXYoqK8YaFQ095E0MfIqmvvQzi8", "created_at": "2025-12-09T20:42:17.458", "expires_at": "2025-12-10T20:42:17"}}, {"model": "token_blacklist.outstandingtoken", "pk": 8, "fields": {"user": "e1430c19-a792-4a4b-a71b-2ae188bed564", "jti": "2928b7c6bee84c1bb7f333cb1e0c4c87", "token": "eyJhbGciOiJIUzI1NiIsInR5cCI6IkpXVCJ9.eyJ0b2tlbl90eXBlIjoicmVmcmVzaCIsImV4cCI6MTc2NTQwMDUwMCwiaWF0IjoxNzY1MzE0MTAwLCJqdGkiOiIyOTI4YjdjNmJlZTg0YzFiYjdmMzMzY2IxZTBjNGM4NyIsInVzZXJfaWQiOiJlMTQzMGMxOS1hNzkyLTRhNGItYTcxYi0yYWUxODhiZWQ1NjQifQ.n6g4tJgOUlcBrDu-Nv4imEgcAcMSmbo0RgvTFIcW9ss", "created_at": "2025-12-09T21:01:40.555", "expires_at": "2025-12-10T21:01:40"}}, {"model": "token_blacklist.outstandingtoken", "pk": 9, "fields": {"user": "e1430c19-a792-4a4b-a71b-2ae188bed564", "jti": "8cf0576b13454229a68cea32e4ffcd64", "token": "eyJhbGciOiJIUzI1NiIsInR5cCI6IkpXVCJ9.eyJ0b2tlbl90eXBlIjoicmVmcmVzaCIsImV4cCI6MTc2NTQwMDY2MCwiaWF0IjoxNzY1MzE0MjYwLCJqdGkiOiI4Y2YwNTc2YjEzNDU0MjI5YTY4Y2VhMzJlNGZmY2Q2NCIsInVzZXJfaWQiOiJlMTQzMGMxOS1hNzkyLTRhNGItYTcxYi0yYWUxODhiZWQ1NjQifQ.eOaPEUEk21Oz01cq_KOBmeFsSKmI5Z9QE_5HXbS1WuY", "created_at": "2025-12-09T21:04:20.175", "expires_at": "2025-12-10T21:04:20"}}, {"model": "token_blacklist.outstandingtoken", "pk": 10, "fields": {"user": "e1430c19-a792-4a4b-a71b-2ae188bed564", "jti": "0da605abfda74f4daca31961773d5f0c", "token": "eyJhbGciOiJIUzI1NiIsInR5cCI6IkpXVCJ9.eyJ0b2tlbl90eXBlIjoicmVmcmVzaCIsImV4cCI6MTc2NTQwMTA2NiwiaWF0IjoxNzY1MzE0NjY2LCJqdGkiOiIwZGE2MDVhYmZkYTc0ZjRkYWNhMzE5NjE3NzNkNWYwYyIsInVzZXJfaWQiOiJlMTQzMGMxOS1hNzkyLTRhNGItYTcxYi0yYWUxODhiZWQ1NjQifQ.RwOD1Juwa-sDrzA7GWQfajDr7CsQoxq3o5e8h3UQ2g0", "created_at": "2025-12-09T21:11:06.082", "expires_at": "2025-12-10T21:11:06"}}, {"model": "token_blacklist.outstandingtoken", "pk": 11, "fields": {"user": null, "jti": "46685857160c43ea8e08f292bad175cc", "token": "eyJhbGciOiJIUzI1NiIsInR5cCI6IkpXVCJ9.eyJ0b2tlbl90eXBlIjoicmVmcmVzaCIsImV4cCI6MTc2NTQwMTE1NiwiaWF0IjoxNzY1MzE0NzU2LCJqdGkiOiI0NjY4NTg1NzE2MGM0M2VhOGUwOGYyOTJiYWQxNzVjYyIsInVzZXJfaWQiOiI5YTAzODc2ZS1jYjNlLTQ5ODEtOTEwMC1kYzU2MjFlNGFmOWUifQ.n3nqH5u5J7BQ6nljraqx6Vj__X3mfc_eqVCUbIvD4Mo", "created_at": "2025-12-09T21:12:36.208", "expires_at": "2025-12-10T21:12:36"}}, {"model": "token_blacklist.outstandingtoken", "pk": 12, "fields": {"user": null, "jti": "c4d3afaee58c49ea8f0cd97ce2e7fdee", "token": "eyJhbGciOiJIUzI1NiIsInR5cCI6IkpXVCJ9.eyJ0b2tlbl90eXBlIjoicmVmcmVzaCIsImV4cCI6MTc2NTQwMTcyNiwiaWF0IjoxNzY1MzE1MzI2LCJqdGkiOiJjNGQzYWZhZWU1OGM0OWVhOGYwY2Q5N2NlMmU3ZmRlZSIsInVzZXJfaWQiOiJlYzk4NWQxYy1hZDkxLTQ1NzAtYTE3NS01ZmMyNTMwZGI2YjUifQ.XIZhXxhAxrgDDxmwfxd7Ma3n1Drs18vpoFAYF9NGd5w", "created_at": "2025-12-09T21:22:06.397", "expires_at": "2025-12-10T21:22:06"}}, {"model": "token_blacklist.outstandingtoken", "pk": 13, "fields": {"user": "e1430c19-a792-4a4b-a71b-2ae188bed564", "jti": "f3b414d548ca464c94128d40aec68ff6", "token": "eyJhbGciOiJIUzI1NiIsInR5cCI6IkpXVCJ9.eyJ0b2tlbl90eXBlIjoicmVmcmVzaCIsImV4cCI6MTc2NTQwNjI5MCwiaWF0IjoxNzY1MzE5ODkwLCJqdGkiOiJmM2I0MTRkNTQ4Y2E0NjRjOTQxMjhkNDBhZWM2OGZmNiIsInVzZXJfaWQiOiJlMTQzMGMxOS1hNzkyLTRhNGItYTcxYi0yYWUxODhiZWQ1NjQifQ.1pWUS2xs-ZyqdLGDnA6umyOOXHEgPVOINrw9xF_LSjY", "created_at": "2025-12-09T22:38:10.149", "expires_at": "2025-12-10T22:38:10"}}, {"model": "token_blacklist.outstandingtoken", "pk": 14, "fields": {"user": null, "jti": "9840e93e140848bf9d9f173ac83ac87e", "token": "eyJhbGciOiJIUzI1NiIsInR5cCI6IkpXVCJ9.eyJ0b2tlbl90eXBlIjoicmVmcmVzaCIsImV4cCI6MTc2NTQwNjQxNCwiaWF0IjoxNzY1MzIwMDE0LCJqdGkiOiI5ODQwZTkzZTE0MDg0OGJmOWQ5ZjE3M2FjODNhYzg3ZSIsInVzZXJfaWQiOiJiODg4ZTU0OC0yYjdlLTQyMTgtOThmOS03MmQzMmFjOGM2N2IifQ.SdhYeycpsKu7QJYxnNoHzsq0WGXLOoTAEkm2w4xrCU8", "created_at": "2025-12-09T22:40:14.905", "expires_at": "2025-12-10T22:40:14"}}, {"model": "token_blacklist.outstandingtoken", "pk": 15, "fields": {"user": null, "jti": "75081f8289f247fa80ce61084733ecf2", "token": "eyJhbGciOiJIUzI1NiIsInR5cCI6IkpXVCJ9.eyJ0b2tlbl90eXBlIjoicmVmcmVzaCIsImV4cCI6MTc2NTQwNjUwMCwiaWF0IjoxNzY1MzIwMTAwLCJqdGkiOiI3NTA4MWY4Mjg5ZjI0N2ZhODBjZTYxMDg0NzMzZWNmMiIsInVzZXJfaWQiOiJlMGJjYTJlYy1jZjkzLTQ0MmYtYmM0OS0yZTRmMTRjMzZkYTAifQ._DrHhZdF2AWqWn26WC4butYfhkY0xhb5Ph1D3eB9GsE", "created_at": "2025-12-09T22:41:40.937", "expires_at": "2025-12-10T22:41:40"}}, {"model": "token_blacklist.outstandingtoken", "pk": 16, "fields": {"user": null, "jti": "1a982a09c70d43e588f1c311fc09ff3c", "token": "eyJhbGciOiJIUzI1NiIsInR5cCI6IkpXVCJ9.eyJ0b2tlbl90eXBlIjoicmVmcmVzaCIsImV4cCI6MTc2NTQwNjY2MSwiaWF0IjoxNzY1MzIwMjYxLCJqdGkiOiIxYTk4MmEwOWM3MGQ0M2U1ODhmMWMzMTFmYzA5ZmYzYyIsInVzZXJfaWQiOiJlMGJjYTJlYy1jZjkzLTQ0MmYtYmM0OS0yZTRmMTRjMzZkYTAifQ.enPd9kEzvejr5Q0mFRWmiXudU5HmOzjGcJ4lrJNM8L0", "created_at": "2025-12-09T22:44:21.950", "expires_at": "2025-12-10T22:44:21"}}, {"model": "token_blacklist.outstandingtoken", "pk": 17, "fields": {"user": null, "jti": "c183109e83294924b0a40c76c330a2ff", "token": "eyJhbGciOiJIUzI1NiIsInR5cCI6IkpXVCJ9.eyJ0b2tlbl90eXBlIjoicmVmcmVzaCIsImV4cCI6MTc2NTQwNjg3NCwiaWF0IjoxNzY1MzIwNDc0LCJqdGkiOiJjMTgzMTA5ZTgzMjk0OTI0YjBhNDBjNzZjMzMwYTJmZiIsInVzZXJfaWQiOiJlMGJjYTJlYy1jZjkzLTQ0MmYtYmM0OS0yZTRmMTRjMzZkYTAifQ.Jy2HF4HyyY1mmbbdjvohMUhazRSLec514kpaZLuz1rI", "created_at": "2025-12-09T22:47:54.275", "expires_at": "2025-12-10T22:47:54"}}, {"model": "token_blacklist.outstandingtoken", "pk": 18, "fields": {"user": "e1430c19-a792-4a4b-a71b-2ae188bed564", "jti": "e900e54ae8354edab5a27758c867b202", "token": "eyJhbGciOiJIUzI1NiIsInR5cCI6IkpXVCJ9.eyJ0b2tlbl90eXBlIjoicmVmcmVzaCIsImV4cCI6MTc2NTQwODI5NSwiaWF0IjoxNzY1MzIxODk1LCJqdGkiOiJlOTAwZTU0YWU4MzU0ZWRhYjVhMjc3NThjODY3YjIwMiIsInVzZXJfaWQiOiJlMTQzMGMxOS1hNzkyLTRhNGItYTcxYi0yYWUxODhiZWQ1NjQifQ.Bgk0CBDS8P0awauo2LhqcshoSbQ76JSWjKQrzorKjUQ", "created_at": "2025-12-09T23:11:35.716", "expires_at": "2025-12-10T23:11:35"}}, {"model": "token_blacklist.outstandingtoken", "pk": 19, "fields": {"user": null, "jti": "51c7f368562c4adc90592b587a76675e", "token": "eyJhbGciOiJIUzI1NiIsInR5cCI6IkpXVCJ9.eyJ0b2tlbl90eXBlIjoicmVmcmVzaCIsImV4cCI6MTc2NTQwODMxOCwiaWF0IjoxNzY1MzIxOTE4LCJqdGkiOiI1MWM3ZjM2ODU2MmM0YWRjOTA1OTJiNTg3YTc2Njc1ZSIsInVzZXJfaWQiOiJlMGJjYTJlYy1jZjkzLTQ0MmYtYmM0OS0yZTRmMTRjMzZkYTAifQ.UEBGFIVt7As8u9VeHBTN7u6dkGJ4b594DtN-3eTYGng", "created_at": "2025-12-09T23:11:58.301", "expires_at": "2025-12-10T23:11:58"}}, {"model": "token_blacklist.outstandingtoken", "pk": 20, "fields": {"user": null, "jti": "c280838267594e69aa3e26ecab2997d0", "token": "eyJhbGciOiJIUzI1NiIsInR5cCI6IkpXVCJ9.eyJ0b2tlbl90eXBlIjoicmVmcmVzaCIsImV4cCI6MTc2NTQwODQzMSwiaWF0IjoxNzY1MzIyMDMxLCJqdGkiOiJjMjgwODM4MjY3NTk0ZTY5YWEzZTI2ZWNhYjI5OTdkMCIsInVzZXJfaWQiOiIzNjMyMDNmNy1kZDVhLTQ5YjgtYjY5ZC1hOGEzZDQ3MjA5OTgifQ.rof0M2d2frsVJu0EtqOjHkaqEeJPBuju55r3u97K3hQ", "created_at": "2025-12-09T23:13:51.824", "expires_at": "2025-12-10T23:13:51"}}, {"model": "token_blacklist.outstandingtoken", "pk": 21, "fields": {"user": null, "jti": "efcdfa2a5dde41189b088688c3744f55", "token": "eyJhbGciOiJIUzI1NiIsInR5cCI6IkpXVCJ9.eyJ0b2tlbl90eXBlIjoicmVmcmVzaCIsImV4cCI6MTc2NTQwODYxMCwiaWF0IjoxNzY1MzIyMjEwLCJqdGkiOiJlZmNkZmEyYTVkZGU0MTE4OWIwODg2ODhjMzc0NGY1NSIsInVzZXJfaWQiOiIzNjMyMDNmNy1kZDVhLTQ5YjgtYjY5ZC1hOGEzZDQ3MjA5OTgifQ.Vk39RXkjYU1f0fhfwtftGi7J1DtfBnwjgPU0HGdUt0c", "created_at": "2025-12-09T23:16:50.259", "expires_at": "2025-12-10T23:16:50"}}, {"model": "token_blacklist.outstandingtoken", "pk": 22, "fields": {"user": null, "jti": "ad5460e1514847a190edcf618228855d", "token": "eyJhbGciOiJIUzI1NiIsInR5cCI6IkpXVCJ9.eyJ0b2tlbl90eXBlIjoicmVmcmVzaCIsImV4cCI6MTc2NTQwOTYwMiwiaWF0IjoxNzY1MzIzMjAyLCJqdGkiOiJhZDU0NjBlMTUxNDg0N2ExOTBlZGNmNjE4MjI4ODU1ZCIsInVzZXJfaWQiOiIzNjMyMDNmNy1kZDVhLTQ5YjgtYjY5ZC1hOGEzZDQ3MjA5OTgifQ.49iOaVC31K5bPwpg-4Sw9or20qLWZalRZ-VkTRJlQG4", "created_at": "2025-12-09T23:33:22.527", "expires_at": "2025-12-10T23:33:22"}}, {"model": "token_blacklist.outstandingtoken", "pk": 23, "fields": {"user": null, "jti": "da746f13d547493fb94aa11872a4c36d", "token": "eyJhbGciOiJIUzI1NiIsInR5cCI6IkpXVCJ9.eyJ0b2tlbl90eXBlIjoicmVmcmVzaCIsImV4cCI6MTc2NTQwOTYwNCwiaWF0IjoxNzY1MzIzMjA0LCJqdGkiOiJkYTc0NmYxM2Q1NDc0OTNmYjk0YWExMTg3MmE0YzM2ZCIsInVzZXJfaWQiOiIzNjMyMDNmNy1kZDVhLTQ5YjgtYjY5ZC1hOGEzZDQ3MjA5OTgifQ.RO1L6EOnwMVIkQUPBcaNfE-mEVujqbQ7lajW5pTKu50", "created_at": "2025-12-09T23:33:24.892", "expires_at": "2025-12-10T23:33:24"}}, {"model": "token_blacklist.outstandingtoken", "pk": 24, "fields": {"user": "8d4990a5-c71c-40ab-8258-0d76bbe8cb5f", "jti": "21a976dda44a4060beba4b6da18633c1", "token": "eyJhbGciOiJIUzI1NiIsInR5cCI6IkpXVCJ9.eyJ0b2tlbl90eXBlIjoicmVmcmVzaCIsImV4cCI6MTc2NTQxMDQwMywiaWF0IjoxNzY1MzI0MDAzLCJqdGkiOiIyMWE5NzZkZGE0NGE0MDYwYmViYTRiNmRhMTg2MzNjMSIsInVzZXJfaWQiOiI4ZDQ5OTBhNS1jNzFjLTQwYWItODI1OC0wZDc2YmJlOGNiNWYifQ.2qjQ535VYwmRPTjfwnceNdW1U9mqny5MWFMMZXeeUbY", "created_at": "2025-12-09T23:46:43.696", "expires_at": "2025-12-10T23:46:43"}}, {"model": "token_blacklist.outstandingtoken", "pk": 25, "fields": {"user": "8d4990a5-c71c-40ab-8258-0d76bbe8cb5f", "jti": "a5209aa3e0f74028866e8651328c9552", "token": "eyJhbGciOiJIUzI1NiIsInR5cCI6IkpXVCJ9.eyJ0b2tlbl90eXBlIjoicmVmcmVzaCIsImV4cCI6MTc2NTQxMDUzNywiaWF0IjoxNzY1MzI0MTM3LCJqdGkiOiJhNTIwOWFhM2UwZjc0MDI4ODY2ZTg2NTEzMjhjOTU1MiIsInVzZXJfaWQiOiI4ZDQ5OTBhNS1jNzFjLTQwYWItODI1OC0wZDc2YmJlOGNiNWYifQ.EMEYVUKVa2LsJPQAQ6n_F7fTiYQkE-MPx9Dchg4ke4c", "created_at": "2025-12-09T23:48:57.386", "expires_at": "2025-12-10T23:48:57"}}, {"model": "token_blacklist.outstandingtoken", "pk": 26, "fields": {"user": "8d4990a5-c71c-40ab-8258-0d76bbe8cb5f", "jti": "6025054b3e9c485d8c1f0af0831590af", "token": "eyJhbGciOiJIUzI1NiIsInR5cCI6IkpXVCJ9.eyJ0b2tlbl90eXBlIjoicmVmcmVzaCIsImV4cCI6MTc2NTQxMDU2MCwiaWF0IjoxNzY1MzI0MTYwLCJqdGkiOiI2MDI1MDU0YjNlOWM0ODVkOGMxZjBhZjA4MzE1OTBhZiIsInVzZXJfaWQiOiI4ZDQ5OTBhNS1jNzFjLTQwYWItODI1OC0wZDc2YmJlOGNiNWYifQ.zDwSnOMyM3Fkea2w3TgdPCCUSQdc_k8RnS_obgKOTqE", "created_at": "2025-12-09T23:49:20.092", "expires_at": "2025-12-10T23:49:20"}}, {"model": "token_blacklist.outstandingtoken", "pk": 27, "fields": {"user": "8d4990a5-c71c-40ab-8258-0d76bbe8cb5f", "jti": "5509111cff9e4c5b859da9c3b0b8fe80", "token": "eyJhbGciOiJIUzI1NiIsInR5cCI6IkpXVCJ9.eyJ0b2tlbl90eXBlIjoicmVmcmVzaCIsImV4cCI6MTc2NTQxMDg4NSwiaWF0IjoxNzY1MzI0NDg1LCJqdGkiOiI1NTA5MTExY2ZmOWU0YzViODU5ZGE5YzNiMGI4ZmU4MCIsInVzZXJfaWQiOiI4ZDQ5OTBhNS1jNzFjLTQwYWItODI1OC0wZDc2YmJlOGNiNWYifQ.VBU7h0scYLWePaY272RwsR3CRXdTl-FsFViDQ7z3Zl8", "created_at": "2025-12-09T23:54:45.088", "expires_at": "2025-12-10T23:54:45"}}, {"model": "token_blacklist.outstandingtoken", "pk": 28, "fields": {"user": "8d4990a5-c71c-40ab-8258-0d76bbe8cb5f", "jti": "b6229de6899749428f7240ca809cdc68", "token": "eyJhbGciOiJIUzI1NiIsInR5cCI6IkpXVCJ9.eyJ0b2tlbl90eXBlIjoicmVmcmVzaCIsImV4cCI6MTc2NTQ1NTY2NCwiaWF0IjoxNzY1MzY5MjY0LCJqdGkiOiJiNjIyOWRlNjg5OTc0OTQyOGY3MjQwY2E4MDljZGM2OCIsInVzZXJfaWQiOiI4ZDQ5OTBhNS1jNzFjLTQwYWItODI1OC0wZDc2YmJlOGNiNWYifQ.3XfLkj94aRQZZ7dtX4Zqwcz5C_M9v6QlbfftlkXUV8s", "created_at": "2025-12-10T12:21:04.881", "expires_at": "2025-12-11T12:21:04"}}, {"model": "token_blacklist.outstandingtoken", "pk": 29, "fields": {"user": "8d4990a5-c71c-40ab-8258-0d76bbe8cb5f", "jti": "f9a1c6a7fcdd477581d7dc6959ee3420", "token": "eyJhbGciOiJIUzI1NiIsInR5cCI6IkpXVCJ9.eyJ0b2tlbl90eXBlIjoicmVmcmVzaCIsImV4cCI6MTc2NTQ1NjEwMiwiaWF0IjoxNzY1MzY5NzAyLCJqdGkiOiJmOWExYzZhN2ZjZGQ0Nzc1ODFkN2RjNjk1OWVlMzQyMCIsInVzZXJfaWQiOiI4ZDQ5OTBhNS1jNzFjLTQwYWItODI1OC0wZDc2YmJlOGNiNWYifQ.op4xSRbOSeW6Jrdh1g67EUChZLMAQubsoRlr3L-hnV0", "created_at": "2025-12-10T12:28:22.292", "expires_at": "2025-12-11T12:28:22"}}, {"model": "token_blacklist.outstandingtoken", "pk": 30, "fields": {"user": "8d4990a5-c71c-40ab-8258-0d76bbe8cb5f", "jti": "a8babf6877a84cecb2bda028f0a7447f", "token": "eyJhbGciOiJIUzI1NiIsInR5cCI6IkpXVCJ9.eyJ0b2tlbl90eXBlIjoicmVmcmVzaCIsImV4cCI6MTc2NTQ1NzA3NiwiaWF0IjoxNzY1MzcwNjc2LCJqdGkiOiJhOGJhYmY2ODc3YTg0Y2VjYjJiZGEwMjhmMGE3NDQ3ZiIsInVzZXJfaWQiOiI4ZDQ5OTBhNS1jNzFjLTQwYWItODI1OC0wZDc2YmJlOGNiNWYifQ.VPP2L6-TJZeTGl9nzRfc9FNt5AkxmsMQpdxB_XgDuco", "created_at": "2025-12-10T12:44:36.464", "expires_at": "2025-12-11T12:44:36"}}, {"model": "token_blacklist.outstandingtoken", "pk": 31, "fields": {"user": "8d4990a5-c71c-40ab-8258-0d76bbe8cb5f", "jti": "dd31f989a8014fc9a5fdc9a44191af88", "token": "eyJhbGciOiJIUzI1NiIsInR5cCI6IkpXVCJ9.eyJ0b2tlbl90eXBlIjoicmVmcmVzaCIsImV4cCI6MTc2NTQ1OTc5NCwiaWF0IjoxNzY1MzczMzk0LCJqdGkiOiJkZDMxZjk4OWE4MDE0ZmM5YTVmZGM5YTQ0MTkxYWY4OCIsInVzZXJfaWQiOiI4ZDQ5OTBhNS1jNzFjLTQwYWItODI1OC0wZDc2YmJlOGNiNWYifQ.R-FYNIOK5qDigv5BkfI5MsUOTA7zAyUxN1gC1-YY6nk", "created_at": "2025-12-10T13:29:54.621", "expires_at": "2025-12-11T13:29:54"}}, {"model": "token_blacklist.outstandingtoken", "pk": 32, "fields": {"user": "8d4990a5-c71c-40ab-8258-0d76bbe8cb5f", "jti": "80594070e226479fbfe2f42a007712e4", "token": "eyJhbGciOiJIUzI1NiIsInR5cCI6IkpXVCJ9.eyJ0b2tlbl90eXBlIjoicmVmcmVzaCIsImV4cCI6MTc2NTQ2NzM4NCwiaWF0IjoxNzY1MzgwOTg0LCJqdGkiOiI4MDU5NDA3MGUyMjY0NzlmYmZlMmY0MmEwMDc3MTJlNCIsInVzZXJfaWQiOiI4ZDQ5OTBhNS1jNzFjLTQwYWItODI1OC0wZDc2YmJlOGNiNWYifQ.6v-AI4JTefioAyxVAoQsI0TNPxDlyaBQ7-FAPfX50Wc", "created_at": "2025-12-10T15:36:24.397", "expires_at": "2025-12-11T15:36:24"}}, {"model": "token_blacklist.outstandingtoken", "pk": 33, "fields": {"user": "8d4990a5-c71c-40ab-8258-0d76bbe8cb5f", "jti": "433fd556df5745b797d481cbdc7c2e60", "token": "eyJhbGciOiJIUzI1NiIsInR5cCI6IkpXVCJ9.eyJ0b2tlbl90eXBlIjoicmVmcmVzaCIsImV4cCI6MTc2NTQ3NDM1MiwiaWF0IjoxNzY1Mzg3OTUyLCJqdGkiOiI0MzNmZDU1NmRmNTc0NWI3OTdkNDgxY2JkYzdjMmU2MCIsInVzZXJfaWQiOiI4ZDQ5OTBhNS1jNzFjLTQwYWItODI1OC0wZDc2YmJlOGNiNWYifQ.uyZ3MpQvX9Dti8Um2RKAAKqBjDHq6pCfQ92wB4e1pTM", "created_at": "2025-12-10T17:32:32.962", "expires_at": "2025-12-11T17:32:32"}}, {"model": "token_blacklist.outstandingtoken", "pk": 34, "fields": {"user": "8d4990a5-c71c-40ab-8258-0d76bbe8cb5f", "jti": "99bcf98be0244eb6bf80c51777759a16", "token": "eyJhbGciOiJIUzI1NiIsInR5cCI6IkpXVCJ9.eyJ0b2tlbl90eXBlIjoicmVmcmVzaCIsImV4cCI6MTc2NTQ3ODUyMSwiaWF0IjoxNzY1MzkyMTIxLCJqdGkiOiI5OWJjZjk4YmUwMjQ0ZWI2YmY4MGM1MTc3Nzc1OWExNiIsInVzZXJfaWQiOiI4ZDQ5OTBhNS1jNzFjLTQwYWItODI1OC0wZDc2YmJlOGNiNWYifQ.zIs3tgqcV_XxBoktJ9YURQWsAahrPXzny2HupsM8Aiw", "created_at": "2025-12-10T18:42:01.994", "expires_at": "2025-12-11T18:42:01"}}, {"model": "token_blacklist.outstandingtoken", "pk": 35, "fields": {"user": "8d4990a5-c71c-40ab-8258-0d76bbe8cb5f", "jti": "cf93a50314304369a003b786b647e17e", "token": "eyJhbGciOiJIUzI1NiIsInR5cCI6IkpXVCJ9.eyJ0b2tlbl90eXBlIjoicmVmcmVzaCIsImV4cCI6MTc2NTQ3ODUyMSwiaWF0IjoxNzY1MzkyMTIxLCJqdGkiOiJjZjkzYTUwMzE0MzA0MzY5YTAwM2I3ODZiNjQ3ZTE3ZSIsInVzZXJfaWQiOiI4ZDQ5OTBhNS1jNzFjLTQwYWItODI1OC0wZDc2YmJlOGNiNWYifQ.Wpdl1HsxA67BglR56udv401eUHgXLa_7D3-sxdkVxA0", "created_at": "2025-12-10T18:42:01.086", "expires_at": "2025-12-11T18:42:01"}}, {"model": "token_blacklist.outstandingtoken", "pk": 36, "fields": {"user": "8d4990a5-c71c-40ab-8258-0d76bbe8cb5f", "jti": "ad9bb8cedee2484faaf7c1ab871281a3", "token": "eyJhbGciOiJIUzI1NiIsInR5cCI6IkpXVCJ9.eyJ0b2tlbl90eXBlIjoicmVmcmVzaCIsImV4cCI6MTc2NTQ4MjcyNSwiaWF0IjoxNzY1Mzk2MzI1LCJqdGkiOiJhZDliYjhjZWRlZTI0ODRmYWFmN2MxYWI4NzEyODFhMyIsInVzZXJfaWQiOiI4ZDQ5OTBhNS1jNzFjLTQwYWItODI1OC0wZDc2YmJlOGNiNWYifQ.zHy1rxoOQg9WR4OM5wbBZiD2l9Z-jv_CgYQyHip_y0U", "created_at": "2025-12-10T19:52:05.224", "expires_at": "2025-12-11T19:52:05"}}, {"model": "token_blacklist.outstandingtoken", "pk": 37, "fields": {"user": "8d4990a5-c71c-40ab-8258-0d76bbe8cb5f", "jti": "6012f370db40416082743f5339007453", "token": "eyJhbGciOiJIUzI1NiIsInR5cCI6IkpXVCJ9.eyJ0b2tlbl90eXBlIjoicmVmcmVzaCIsImV4cCI6MTc2NTQ4MjgxNiwiaWF0IjoxNzY1Mzk2NDE2LCJqdGkiOiI2MDEyZjM3MGRiNDA0MTYwODI3NDNmNTMzOTAwNzQ1MyIsInVzZXJfaWQiOiI4ZDQ5OTBhNS1jNzFjLTQwYWItODI1OC0wZDc2YmJlOGNiNWYifQ.y7RSPuILowX9ZeahcqdZOjDD2yuvvj_TSR8xNe3r4aM", "created_at": "2025-12-10T19:53:36.432", "expires_at": "2025-12-11T19:53:36"}}, {"model": "token_blacklist.outstandingtoken", "pk": 38, "fields": {"user": "8d4990a5-c71c-40ab-8258-0d76bbe8cb5f", "jti": "1c9a5ef8535a414296c369946f638082", "token": "eyJhbGciOiJIUzI1NiIsInR5cCI6IkpXVCJ9.eyJ0b2tlbl90eXBlIjoicmVmcmVzaCIsImV4cCI6MTc2NTQ5NzUzNCwiaWF0IjoxNzY1NDExMTM0LCJqdGkiOiIxYzlhNWVmODUzNWE0MTQyOTZjMzY5OTQ2ZjYzODA4MiIsInVzZXJfaWQiOiI4ZDQ5OTBhNS1jNzFjLTQwYWItODI1OC0wZDc2YmJlOGNiNWYifQ.z2n5PnJ89Ue2dPtVruD6-VaIMvxyhMhpMhSem84aSW4", "created_at": "2025-12-10T23:58:54.691", "expires_at": "2025-12-11T23:58:54"}}, {"model": "token_blacklist.outstandingtoken", "pk": 39, "fields": {"user": "8d4990a5-c71c-40ab-8258-0d76bbe8cb5f", "jti": "230e2bb0234b410c88efe78994bf9256", "token": "eyJhbGciOiJIUzI1NiIsInR5cCI6IkpXVCJ9.eyJ0b2tlbl90eXBlIjoicmVmcmVzaCIsImV4cCI6MTc2NTQ5ODI4MywiaWF0IjoxNzY1NDExODgzLCJqdGkiOiIyMzBlMmJiMDIzNGI0MTBjODhlZmU3ODk5NGJmOTI1NiIsInVzZXJfaWQiOiI4ZDQ5OTBhNS1jNzFjLTQwYWItODI1OC0wZDc2YmJlOGNiNWYifQ.iROrxrhpAMEqtdvTBFK0n-uCavy8aUblvftdkQUbtss", "created_at": "2025-12-11T00:11:23.665", "expires_at": "2025-12-12T00:11:23"}}, {"model": "token_blacklist.outstandingtoken", "pk": 72, "fields": {"user": "8d4990a5-c71c-40ab-8258-0d76bbe8cb5f", "jti": "6958dfbbd68c4d57a9b264e3b7d33bce", "token": "eyJhbGciOiJIUzI1NiIsInR5cCI6IkpXVCJ9.eyJ0b2tlbl90eXBlIjoicmVmcmVzaCIsImV4cCI6MTc2NTU1MTM1NSwiaWF0IjoxNzY1NDY0OTU1LCJqdGkiOiI2OTU4ZGZiYmQ2OGM0ZDU3YTliMjY0ZTNiN2QzM2JjZSIsInVzZXJfaWQiOiI4ZDQ5OTBhNS1jNzFjLTQwYWItODI1OC0wZDc2YmJlOGNiNWYifQ.3fgEshVuuFbEfojPFqgqlG1XLyjM3NYeG1np1Ymzqoc", "created_at": "2025-12-11T14:55:55.746", "expires_at": "2025-12-12T14:55:55"}}, {"model": "token_blacklist.outstandingtoken", "pk": 73, "fields": {"user": "8d4990a5-c71c-40ab-8258-0d76bbe8cb5f", "jti": "5c48142d8df5447cbbdb49c644b03b48", "token": "eyJhbGciOiJIUzI1NiIsInR5cCI6IkpXVCJ9.eyJ0b2tlbl90eXBlIjoicmVmcmVzaCIsImV4cCI6MTc2NTU3MDMyMSwiaWF0IjoxNzY1NDgzOTIxLCJqdGkiOiI1YzQ4MTQyZDhkZjU0NDdjYmJkYjQ5YzY0NGIwM2I0OCIsInVzZXJfaWQiOiI4ZDQ5OTBhNS1jNzFjLTQwYWItODI1OC0wZDc2YmJlOGNiNWYifQ.fsEt_CSxNorAh-UyF16-bZLgHXxSWhcbg3YD8OIZ1EI", "created_at": "2025-12-11T20:12:01.016", "expires_at": "2025-12-12T20:12:01"}}, {"model": "token_blacklist.outstandingtoken", "pk": 74, "fields": {"user": "8d4990a5-c71c-40ab-8258-0d76bbe8cb5f", "jti": "418727dbb2cd4a148f9a88bdd81c5b8a", "token": "eyJhbGciOiJIUzI1NiIsInR5cCI6IkpXVCJ9.eyJ0b2tlbl90eXBlIjoicmVmcmVzaCIsImV4cCI6MTc2NTU3MTE0MiwiaWF0IjoxNzY1NDg0NzQyLCJqdGkiOiI0MTg3MjdkYmIyY2Q0YTE0OGY5YTg4YmRkODFjNWI4YSIsInVzZXJfaWQiOiI4ZDQ5OTBhNS1jNzFjLTQwYWItODI1OC0wZDc2YmJlOGNiNWYifQ.hlms1LVcYlLT2nQaot1fuKa9msFz6-FXBWtG2BXt4ZI", "created_at": "2025-12-11T20:25:42.137", "expires_at": "2025-12-12T20:25:42"}}, {"model": "token_blacklist.outstandingtoken", "pk": 75, "fields": {"user": "8d4990a5-c71c-40ab-8258-0d76bbe8cb5f", "jti": "56e362cdc3ca49368349174a24036213", "token": "eyJhbGciOiJIUzI1NiIsInR5cCI6IkpXVCJ9.eyJ0b2tlbl90eXBlIjoicmVmcmVzaCIsImV4cCI6MTc2NTU3MjI3OSwiaWF0IjoxNzY1NDg1ODc5LCJqdGkiOiI1NmUzNjJjZGMzY2E0OTM2ODM0OTE3NGEyNDAzNjIxMyIsInVzZXJfaWQiOiI4ZDQ5OTBhNS1jNzFjLTQwYWItODI1OC0wZDc2YmJlOGNiNWYifQ.NbY6e-0b8DYTMOuwwsNSj1xgpubGD5YmZZCJSP7SPKM", "created_at": "2025-12-11T20:44:39.083", "expires_at": "2025-12-12T20:44:39"}}, {"model": "token_blacklist.outstandingtoken", "pk": 76, "fields": {"user": "8d4990a5-c71c-40ab-8258-0d76bbe8cb5f", "jti": "bb6df948fe8c467da7b4be203cf24949", "token": "eyJhbGciOiJIUzI1NiIsInR5cCI6IkpXVCJ9.eyJ0b2tlbl90eXBlIjoicmVmcmVzaCIsImV4cCI6MTc2NTU3NjEyNCwiaWF0IjoxNzY1NDg5NzI0LCJqdGkiOiJiYjZkZjk0OGZlOGM0NjdkYTdiNGJlMjAzY2YyNDk0OSIsInVzZXJfaWQiOiI4ZDQ5OTBhNS1jNzFjLTQwYWItODI1OC0wZDc2YmJlOGNiNWYifQ.oCvEUoKAU1Ljs62e4CTUiycs77qBRXuGHurRiYdzEL0", "created_at": "2025-12-11T21:48:44.180", "expires_at": "2025-12-12T21:48:44"}}, {"model": "token_blacklist.outstandingtoken", "pk": 77, "fields": {"user": "8d4990a5-c71c-40ab-8258-0d76bbe8cb5f", "jti": "9672c8ab8d9c46b882db5ab62e61a538", "token": "eyJhbGciOiJIUzI1NiIsInR5cCI6IkpXVCJ9.eyJ0b2tlbl90eXBlIjoicmVmcmVzaCIsImV4cCI6MTc2NTcyODU3MCwiaWF0IjoxNzY1NjQyMTcwLCJqdGkiOiI5NjcyYzhhYjhkOWM0NmI4ODJkYjVhYjYyZTYxYTUzOCIsInVzZXJfaWQiOiI4ZDQ5OTBhNS1jNzFjLTQwYWItODI1OC0wZDc2YmJlOGNiNWYifQ.4i0aDJvWRBPv_Htcz8Y8_YLay-dDu-cNo5SWLJxkIrQ", "created_at": "2025-12-13T16:09:30.712", "expires_at": "2025-12-14T16:09:30"}}, {"model": "token_blacklist.outstandingtoken", "pk": 78, "fields": {"user": "8d4990a5-c71c-40ab-8258-0d76bbe8cb5f", "jti": "c62724e3baae46eeb45783fa18faea16", "token": "eyJhbGciOiJIUzI1NiIsInR5cCI6IkpXVCJ9.eyJ0b2tlbl90eXBlIjoicmVmcmVzaCIsImV4cCI6MTc2NTgzNzEzMSwiaWF0IjoxNzY1NzUwNzMxLCJqdGkiOiJjNjI3MjRlM2JhYWU0NmVlYjQ1NzgzZmExOGZhZWExNiIsInVzZXJfaWQiOiI4ZDQ5OTBhNS1jNzFjLTQwYWItODI1OC0wZDc2YmJlOGNiNWYifQ.3G7wTbY6WuQdRK3TO3Qra7MERpSewt1t0RF_BgUF8vU", "created_at": "2025-12-14T22:18:51.537", "expires_at": "2025-12-15T22:18:51"}}, {"model": "token_blacklist.outstandingtoken", "pk": 79, "fields": {"user": "8d4990a5-c71c-40ab-8258-0d76bbe8cb5f", "jti": "1a3aad1db2d94e51a4ed1a0a556f2a7c", "token": "eyJhbGciOiJIUzI1NiIsInR5cCI6IkpXVCJ9.eyJ0b2tlbl90eXBlIjoicmVmcmVzaCIsImV4cCI6MTc2NTkyNDExOSwiaWF0IjoxNzY1ODM3NzE5LCJqdGkiOiIxYTNhYWQxZGIyZDk0ZTUxYTRlZDFhMGE1NTZmMmE3YyIsInVzZXJfaWQiOiI4ZDQ5OTBhNS1jNzFjLTQwYWItODI1OC0wZDc2YmJlOGNiNWYifQ.92TLP4sqG8kGILoSjlp9s2gCtDLUPMOMoIn1FGJPxBs", "created_at": "2025-12-15T22:28:39.975", "expires_at": "2025-12-16T22:28:39"}}, {"model": "token_blacklist.outstandingtoken", "pk": 80, "fields": {"user": "8d4990a5-c71c-40ab-8258-0d76bbe8cb5f", "jti": "9c26a0fc563f45d2900bb2c8e9e55619", "token": "eyJhbGciOiJIUzI1NiIsInR5cCI6IkpXVCJ9.eyJ0b2tlbl90eXBlIjoicmVmcmVzaCIsImV4cCI6MTc2NTkzNjgwOCwiaWF0IjoxNzY1ODUwNDA4LCJqdGkiOiI5YzI2YTBmYzU2M2Y0NWQyOTAwYmIyYzhlOWU1NTYxOSIsInVzZXJfaWQiOiI4ZDQ5OTBhNS1jNzFjLTQwYWItODI1OC0wZDc2YmJlOGNiNWYifQ.kELu7CsnbhiFW0iWM1AnYgM08qZLfNwryI_hmsLK6Bg", "created_at": "2025-12-16T02:00:08.484", "expires_at": "2025-12-17T02:00:08"}}, {"model": "token_blacklist.outstandingtoken", "pk": 81, "fields": {"user": "8d4990a5-c71c-40ab-8258-0d76bbe8cb5f", "jti": "4020fb57841a419984b354ec3bf43250", "token": "eyJhbGciOiJIUzI1NiIsInR5cCI6IkpXVCJ9.eyJ0b2tlbl90eXBlIjoicmVmcmVzaCIsImV4cCI6MTc2NTk5NDgyNywiaWF0IjoxNzY1OTA4NDI3LCJqdGkiOiI0MDIwZmI1Nzg0MWE0MTk5ODRiMzU0ZWMzYmY0MzI1MCIsInVzZXJfaWQiOiI4ZDQ5OTBhNS1jNzFjLTQwYWItODI1OC0wZDc2YmJlOGNiNWYifQ.eoUy526DN2krKDLTk4hTEGLguUDo7VKZipexHKhstAY", "created_at": "2025-12-16T18:07:07.840", "expires_at": "2025-12-17T18:07:07"}}, {"model": "token_blacklist.outstandingtoken", "pk": 82, "fields": {"user": "8d4990a5-c71c-40ab-8258-0d76bbe8cb5f", "jti": "37b91c0545574229b8ddb00ed277cc2c", "token": "eyJhbGciOiJIUzI1NiIsInR5cCI6IkpXVCJ9.eyJ0b2tlbl90eXBlIjoicmVmcmVzaCIsImV4cCI6MTc2NTk5NjEzMSwiaWF0IjoxNzY1OTA5NzMxLCJqdGkiOiIzN2I5MWMwNTQ1NTc0MjI5YjhkZGIwMGVkMjc3Y2MyYyIsInVzZXJfaWQiOiI4ZDQ5OTBhNS1jNzFjLTQwYWItODI1OC0wZDc2YmJlOGNiNWYifQ.DCdFvaWthoPWgmfzreTeU9U7t8yDk9TFpeoFg-5ab6I", "created_at": "2025-12-16T18:28:51.756", "expires_at": "2025-12-17T18:28:51"}}, {"model": "token_blacklist.outstandingtoken", "pk": 83, "fields": {"user": "8d4990a5-c71c-40ab-8258-0d76bbe8cb5f", "jti": "747c2a28308240a1a04cabe421975f4b", "token": "eyJhbGciOiJIUzI1NiIsInR5cCI6IkpXVCJ9.eyJ0b2tlbl90eXBlIjoicmVmcmVzaCIsImV4cCI6MTc2NTk5NjM1NCwiaWF0IjoxNzY1OTA5OTU0LCJqdGkiOiI3NDdjMmEyODMwODI0MGExYTA0Y2FiZTQyMTk3NWY0YiIsInVzZXJfaWQiOiI4ZDQ5OTBhNS1jNzFjLTQwYWItODI1OC0wZDc2YmJlOGNiNWYifQ.rBh9WO1L4EcOJK46ig9rVAUGypNgElD_2n7ISii8d3U", "created_at": "2025-12-16T18:32:34.139", "expires_at": "2025-12-17T18:32:34"}}, {"model": "token_blacklist.outstandingtoken", "pk": 84, "fields": {"user": "8d4990a5-c71c-40ab-8258-0d76bbe8cb5f", "jti": "5032e5dbfd10457f85a52e22381b9e5e", "token": "eyJhbGciOiJIUzI1NiIsInR5cCI6IkpXVCJ9.eyJ0b2tlbl90eXBlIjoicmVmcmVzaCIsImV4cCI6MTc2NTk5ODM5MiwiaWF0IjoxNzY1OTExOTkyLCJqdGkiOiI1MDMyZTVkYmZkMTA0NTdmODVhNTJlMjIzODFiOWU1ZSIsInVzZXJfaWQiOiI4ZDQ5OTBhNS1jNzFjLTQwYWItODI1OC0wZDc2YmJlOGNiNWYifQ.OPYSYyrPSfxA7wZD-lm1kHFDISDuiy_YuNp7FxZ1EEw", "created_at": "2025-12-16T19:06:32.504", "expires_at": "2025-12-17T19:06:32"}}, {"model": "token_blacklist.outstandingtoken", "pk": 85, "fields": {"user": "8d4990a5-c71c-40ab-8258-0d76bbe8cb5f", "jti": "0087684c6d0a4aa383baf8ea82e60927", "token": "eyJhbGciOiJIUzI1NiIsInR5cCI6IkpXVCJ9.eyJ0b2tlbl90eXBlIjoicmVmcmVzaCIsImV4cCI6MTc2NjAwNzQ3NywiaWF0IjoxNzY1OTIxMDc3LCJqdGkiOiIwMDg3Njg0YzZkMGE0YWEzODNiYWY4ZWE4MmU2MDkyNyIsInVzZXJfaWQiOiI4ZDQ5OTBhNS1jNzFjLTQwYWItODI1OC0wZDc2YmJlOGNiNWYifQ.CUOr1-vsjGo-jgm2lNRNITSIEYS7II8uVzphX28ZDtA", "created_at": "2025-12-16T21:37:57.164", "expires_at": "2025-12-17T21:37:57"}}, {"model": "token_blacklist.outstandingtoken", "pk": 86, "fields": {"user": "8d4990a5-c71c-40ab-8258-0d76bbe8cb5f", "jti": "c032a769fa344d01832e6566d52f37b3", "token": "eyJhbGciOiJIUzI1NiIsInR5cCI6IkpXVCJ9.eyJ0b2tlbl90eXBlIjoicmVmcmVzaCIsImV4cCI6MTc2NjAwODM2MywiaWF0IjoxNzY1OTIxOTYzLCJqdGkiOiJjMDMyYTc2OWZhMzQ0ZDAxODMyZTY1NjZkNTJmMzdiMyIsInVzZXJfaWQiOiI4ZDQ5OTBhNS1jNzFjLTQwYWItODI1OC0wZDc2YmJlOGNiNWYifQ.gqgzGnL_-O-f-uJ7mQKaEQolmKed2VioQUgG1Gcq8Uo", "created_at": "2025-12-16T21:52:43.798", "expires_at": "2025-12-17T21:52:43"}}, {"model": "token_blacklist.outstandingtoken", "pk": 87, "fields": {"user": "8d4990a5-c71c-40ab-8258-0d76bbe8cb5f", "jti": "5d5f3b691952466bb39021e73bbdc4e1", "token": "eyJhbGciOiJIUzI1NiIsInR5cCI6IkpXVCJ9.eyJ0b2tlbl90eXBlIjoicmVmcmVzaCIsImV4cCI6MTc2NjAwOTE4OSwiaWF0IjoxNzY1OTIyNzg5LCJqdGkiOiI1ZDVmM2I2OTE5NTI0NjZiYjM5MDIxZTczYmJkYzRlMSIsInVzZXJfaWQiOiI4ZDQ5OTBhNS1jNzFjLTQwYWItODI1OC0wZDc2YmJlOGNiNWYifQ.bD8UNy0K9SUrewCoE6ofZWLSAQP6Kue8WYTF0zFGJi0", "created_at": "2025-12-16T22:06:29.037", "expires_at": "2025-12-17T22:06:29"}}, {"model": "token_blacklist.outstandingtoken", "pk": 88, "fields": {"user": "8d4990a5-c71c-40ab-8258-0d76bbe8cb5f", "jti": "75d71612e8974f44b8a315d981c3596d", "token": "eyJhbGciOiJIUzI1NiIsInR5cCI6IkpXVCJ9.eyJ0b2tlbl90eXBlIjoicmVmcmVzaCIsImV4cCI6MTc2NjAwOTM1NiwiaWF0IjoxNzY1OTIyOTU2LCJqdGkiOiI3NWQ3MTYxMmU4OTc0ZjQ0YjhhMzE1ZDk4MWMzNTk2ZCIsInVzZXJfaWQiOiI4ZDQ5OTBhNS1jNzFjLTQwYWItODI1OC0wZDc2YmJlOGNiNWYifQ.F48DMj99tmokURhYqXbIscBwvdyDllt4ZPwUlMJk1lk", "created_at": "2025-12-16T22:09:16.452", "expires_at": "2025-12-17T22:09:16"}}, {"model": "token_blacklist.outstandingtoken", "pk": 89, "fields": {"user": "8d4990a5-c71c-40ab-8258-0d76bbe8cb5f", "jti": "08f8bcb318f54ea3ae9eddf9c0d5bb49", "token": "eyJhbGciOiJIUzI1NiIsInR5cCI6IkpXVCJ9.eyJ0b2tlbl90eXBlIjoicmVmcmVzaCIsImV4cCI6MTc2NjAxMTU3MCwiaWF0IjoxNzY1OTI1MTcwLCJqdGkiOiIwOGY4YmNiMzE4ZjU0ZWEzYWU5ZWRkZjljMGQ1YmI0OSIsInVzZXJfaWQiOiI4ZDQ5OTBhNS1jNzFjLTQwYWItODI1OC0wZDc2YmJlOGNiNWYifQ.sEXr_QznMB2AJtk6lBNrYf6RT73v6BZZsNqXWutKTfs", "created_at": "2025-12-16T22:46:10.286", "expires_at": "2025-12-17T22:46:10"}}, {"model": "token_blacklist.outstandingtoken", "pk": 90, "fields": {"user": "8d4990a5-c71c-40ab-8258-0d76bbe8cb5f", "jti": "ed909d656861478bbf0fcdaf8b63827e", "token": "eyJhbGciOiJIUzI1NiIsInR5cCI6IkpXVCJ9.eyJ0b2tlbl90eXBlIjoicmVmcmVzaCIsImV4cCI6MTc2NjA3OTExMCwiaWF0IjoxNzY1OTkyNzEwLCJqdGkiOiJlZDkwOWQ2NTY4NjE0NzhiYmYwZmNkYWY4YjYzODI3ZSIsInVzZXJfaWQiOiI4ZDQ5OTBhNS1jNzFjLTQwYWItODI1OC0wZDc2YmJlOGNiNWYifQ.j2tyvigZjm_MKtCwqBYw60ayoCItWX3_PDlSUUOb4LQ", "created_at": "2025-12-17T17:31:50.976", "expires_at": "2025-12-18T17:31:50"}}, {"model": "token_blacklist.outstandingtoken", "pk": 91, "fields": {"user": "8d4990a5-c71c-40ab-8258-0d76bbe8cb5f", "jti": "b7ae3b9f13144e35a48dea0e5c6ced2b", "token": "eyJhbGciOiJIUzI1NiIsInR5cCI6IkpXVCJ9.eyJ0b2tlbl90eXBlIjoicmVmcmVzaCIsImV4cCI6MTc2NjA4MDI0MCwiaWF0IjoxNzY1OTkzODQwLCJqdGkiOiJiN2FlM2I5ZjEzMTQ0ZTM1YTQ4ZGVhMGU1YzZjZWQyYiIsInVzZXJfaWQiOiI4ZDQ5OTBhNS1jNzFjLTQwYWItODI1OC0wZDc2YmJlOGNiNWYifQ.DfSQnlLQlCL6MJ5IC8UG5MCBwoATyhIQrtbhU-f3xGo", "created_at": "2025-12-17T17:50:40.146", "expires_at": "2025-12-18T17:50:40"}}, {"model": "token_blacklist.outstandingtoken", "pk": 92, "fields": {"user": "8d4990a5-c71c-40ab-8258-0d76bbe8cb5f", "jti": "2cfcdf7b378f4a1abcbc1443951d29c7", "token": "eyJhbGciOiJIUzI1NiIsInR5cCI6IkpXVCJ9.eyJ0b2tlbl90eXBlIjoicmVmcmVzaCIsImV4cCI6MTc2NjA4Mzg5MiwiaWF0IjoxNzY1OTk3NDkyLCJqdGkiOiIyY2ZjZGY3YjM3OGY0YTFhYmNiYzE0NDM5NTFkMjljNyIsInVzZXJfaWQiOiI4ZDQ5OTBhNS1jNzFjLTQwYWItODI1OC0wZDc2YmJlOGNiNWYifQ.W0eOrIdtbS22EySxxkzCEMfMFxziq8UEPov2tOlHvZ4", "created_at": "2025-12-17T18:51:32.585", "expires_at": "2025-12-18T18:51:32"}}, {"model": "token_blacklist.outstandingtoken", "pk": 93, "fields": {"user": "8d4990a5-c71c-40ab-8258-0d76bbe8cb5f", "jti": "6d87636df2bd4df0b9f39c5622f4cbaa", "token": "eyJhbGciOiJIUzI1NiIsInR5cCI6IkpXVCJ9.eyJ0b2tlbl90eXBlIjoicmVmcmVzaCIsImV4cCI6MTc2NjA4NDI0MCwiaWF0IjoxNzY1OTk3ODQwLCJqdGkiOiI2ZDg3NjM2ZGYyYmQ0ZGYwYjlmMzljNTYyMmY0Y2JhYSIsInVzZXJfaWQiOiI4ZDQ5OTBhNS1jNzFjLTQwYWItODI1OC0wZDc2YmJlOGNiNWYifQ.7p0nCEOAboKcUwJUQIBZ0Wj7zxAvLhjZZF530lYGM3E", "created_at": "2025-12-17T18:57:20.440", "expires_at": "2025-12-18T18:57:20"}}, {"model": "token_blacklist.outstandingtoken", "pk": 94, "fields": {"user": "8d4990a5-c71c-40ab-8258-0d76bbe8cb5f", "jti": "5c214b4c286649c7a298f4d03d9046ad", "token": "eyJhbGciOiJIUzI1NiIsInR5cCI6IkpXVCJ9.eyJ0b2tlbl90eXBlIjoicmVmcmVzaCIsImV4cCI6MTc2NjA4NDMyNSwiaWF0IjoxNzY1OTk3OTI1LCJqdGkiOiI1YzIxNGI0YzI4NjY0OWM3YTI5OGY0ZDAzZDkwNDZhZCIsInVzZXJfaWQiOiI4ZDQ5OTBhNS1jNzFjLTQwYWItODI1OC0wZDc2YmJlOGNiNWYifQ.JrUMakhNPHo36aqhQ9VnR-O4MbSlU21nhPIzHsaVtxw", "created_at": "2025-12-17T18:58:45.144", "expires_at": "2025-12-18T18:58:45"}}, {"model": "token_blacklist.outstandingtoken", "pk": 95, "fields": {"user": "8d4990a5-c71c-40ab-8258-0d76bbe8cb5f", "jti": "6b4589fe4d244392a246587b475a0e56", "token": "eyJhbGciOiJIUzI1NiIsInR5cCI6IkpXVCJ9.eyJ0b2tlbl90eXBlIjoicmVmcmVzaCIsImV4cCI6MTc2NjA4NDgzMywiaWF0IjoxNzY1OTk4NDMzLCJqdGkiOiI2YjQ1ODlmZTRkMjQ0MzkyYTI0NjU4N2I0NzVhMGU1NiIsInVzZXJfaWQiOiI4ZDQ5OTBhNS1jNzFjLTQwYWItODI1OC0wZDc2YmJlOGNiNWYifQ.AXlrz7qNvMAG3Ibm__vqDz1q1bpovuNG6uomSGgA8AQ", "created_at": "2025-12-17T19:07:13.259", "expires_at": "2025-12-18T19:07:13"}}, {"model": "token_blacklist.outstandingtoken", "pk": 96, "fields": {"user": "8d4990a5-c71c-40ab-8258-0d76bbe8cb5f", "jti": "a958b6f58bf24763951e15c8decef179", "token": "eyJhbGciOiJIUzI1NiIsInR5cCI6IkpXVCJ9.eyJ0b2tlbl90eXBlIjoicmVmcmVzaCIsImV4cCI6MTc2NjA4NTI5NSwiaWF0IjoxNzY1OTk4ODk1LCJqdGkiOiJhOTU4YjZmNThiZjI0NzYzOTUxZTE1YzhkZWNlZjE3OSIsInVzZXJfaWQiOiI4ZDQ5OTBhNS1jNzFjLTQwYWItODI1OC0wZDc2YmJlOGNiNWYifQ.yJvByHxeLy5v00l5O9Rf-CTKbxlskwq3x80lwiDJZvM", "created_at": "2025-12-17T19:14:55.209", "expires_at": "2025-12-18T19:14:55"}}, {"model": "token_blacklist.outstandingtoken", "pk": 97, "fields": {"user": "8d4990a5-c71c-40ab-8258-0d76bbe8cb5f", "jti": "55f2b393d91b477ebc946ebf9ec2c4e8", "token": "eyJhbGciOiJIUzI1NiIsInR5cCI6IkpXVCJ9.eyJ0b2tlbl90eXBlIjoicmVmcmVzaCIsImV4cCI6MTc2NjA4NzUyNCwiaWF0IjoxNzY2MDAxMTI0LCJqdGkiOiI1NWYyYjM5M2Q5MWI0NzdlYmM5NDZlYmY5ZWMyYzRlOCIsInVzZXJfaWQiOiI4ZDQ5OTBhNS1jNzFjLTQwYWItODI1OC0wZDc2YmJlOGNiNWYifQ.8DPiJBOLjPFIirKXGkwZb7w80A58o7JrBiHjBnWFkxw", "created_at": "2025-12-17T19:52:04.109", "expires_at": "2025-12-18T19:52:04"}}, {"model": "token_blacklist.outstandingtoken", "pk": 98, "fields": {"user": "8d4990a5-c71c-40ab-8258-0d76bbe8cb5f", "jti": "27c2419ae5e4422c91e0f2c7901a48ce", "token": "eyJhbGciOiJIUzI1NiIsInR5cCI6IkpXVCJ9.eyJ0b2tlbl90eXBlIjoicmVmcmVzaCIsImV4cCI6MTc2NjA5MzA0NSwiaWF0IjoxNzY2MDA2NjQ1LCJqdGkiOiIyN2MyNDE5YWU1ZTQ0MjJjOTFlMGYyYzc5MDFhNDhjZSIsInVzZXJfaWQiOiI4ZDQ5OTBhNS1jNzFjLTQwYWItODI1OC0wZDc2YmJlOGNiNWYifQ.zy6iFuSGlhzjtd-FqbXXpJN04eHeMUH31Uo2Fq5go1E", "created_at": "2025-12-17T21:24:05.648", "expires_at": "2025-12-18T21:24:05"}}, {"model": "token_blacklist.outstandingtoken", "pk": 99, "fields": {"user": "8d4990a5-c71c-40ab-8258-0d76bbe8cb5f", "jti": "24e56650898346d5a5349b89e7682ddd", "token": "eyJhbGciOiJIUzI1NiIsInR5cCI6IkpXVCJ9.eyJ0b2tlbl90eXBlIjoicmVmcmVzaCIsImV4cCI6MTc2NjA5MzEzNSwiaWF0IjoxNzY2MDA2NzM1LCJqdGkiOiIyNGU1NjY1MDg5ODM0NmQ1YTUzNDliODllNzY4MmRkZCIsInVzZXJfaWQiOiI4ZDQ5OTBhNS1jNzFjLTQwYWItODI1OC0wZDc2YmJlOGNiNWYifQ.0GGTEMWcQNu9_8VNkx81XM14fuhg5U50Jwl4VLCeQnM", "created_at": "2025-12-17T21:25:35.655", "expires_at": "2025-12-18T21:25:35"}}, {"model": "token_blacklist.outstandingtoken", "pk": 100, "fields": {"user": "8d4990a5-c71c-40ab-8258-0d76bbe8cb5f", "jti": "e8a0f2c63c794e619f02c4ff7f14f9dc", "token": "eyJhbGciOiJIUzI1NiIsInR5cCI6IkpXVCJ9.eyJ0b2tlbl90eXBlIjoicmVmcmVzaCIsImV4cCI6MTc2NjA5MzY0NiwiaWF0IjoxNzY2MDA3MjQ2LCJqdGkiOiJlOGEwZjJjNjNjNzk0ZTYxOWYwMmM0ZmY3ZjE0ZjlkYyIsInVzZXJfaWQiOiI4ZDQ5OTBhNS1jNzFjLTQwYWItODI1OC0wZDc2YmJlOGNiNWYifQ.haIs5rAjsdXGqxvGR4jiobk3SrwuFcJsk3IJYfL6314", "created_at": "2025-12-17T21:34:06.629", "expires_at": "2025-12-18T21:34:06"}}, {"model": "token_blacklist.outstandingtoken", "pk": 101, "fields": {"user": "8d4990a5-c71c-40ab-8258-0d76bbe8cb5f", "jti": "695cff903e424b7684126d1b220e744e", "token": "eyJhbGciOiJIUzI1NiIsInR5cCI6IkpXVCJ9.eyJ0b2tlbl90eXBlIjoicmVmcmVzaCIsImV4cCI6MTc2NjA5NDYwMywiaWF0IjoxNzY2MDA4MjAzLCJqdGkiOiI2OTVjZmY5MDNlNDI0Yjc2ODQxMjZkMWIyMjBlNzQ0ZSIsInVzZXJfaWQiOiI4ZDQ5OTBhNS1jNzFjLTQwYWItODI1OC0wZDc2YmJlOGNiNWYifQ.2czShUNajzHpjTU4If30nkHBCG1SBts7dsZnPe3Y7zA", "created_at": "2025-12-17T21:50:03.337", "expires_at": "2025-12-18T21:50:03"}}, {"model": "token_blacklist.outstandingtoken", "pk": 102, "fields": {"user": "8d4990a5-c71c-40ab-8258-0d76bbe8cb5f", "jti": "5744ec4cfbaa4838a0e5368236b6b10e", "token": "eyJhbGciOiJIUzI1NiIsInR5cCI6IkpXVCJ9.eyJ0b2tlbl90eXBlIjoicmVmcmVzaCIsImV4cCI6MTc2NjA5NDc4MiwiaWF0IjoxNzY2MDA4MzgyLCJqdGkiOiI1NzQ0ZWM0Y2ZiYWE0ODM4YTBlNTM2ODIzNmI2YjEwZSIsInVzZXJfaWQiOiI4ZDQ5OTBhNS1jNzFjLTQwYWItODI1OC0wZDc2YmJlOGNiNWYifQ.KhFY1DGA8PvAn1NWB_9xYdQkk6_kEj2P5F28BHhMnUI", "created_at": "2025-12-17T21:53:02.687", "expires_at": "2025-12-18T21:53:02"}}, {"model": "token_blacklist.outstandingtoken", "pk": 103, "fields": {"user": "8d4990a5-c71c-40ab-8258-0d76bbe8cb5f", "jti": "731896514d094b50bfcc6916f672dfd3", "token": "eyJhbGciOiJIUzI1NiIsInR5cCI6IkpXVCJ9.eyJ0b2tlbl90eXBlIjoicmVmcmVzaCIsImV4cCI6MTc2NjEwMDczOSwiaWF0IjoxNzY2MDE0MzM5LCJqdGkiOiI3MzE4OTY1MTRkMDk0YjUwYmZjYzY5MTZmNjcyZGZkMyIsInVzZXJfaWQiOiI4ZDQ5OTBhNS1jNzFjLTQwYWItODI1OC0wZDc2YmJlOGNiNWYifQ.bZquq_HH-ArX4utIYkNGIXlizlP5nLz8HvXFo3PExco", "created_at": "2025-12-17T23:32:19.873", "expires_at": "2025-12-18T23:32:19"}}, {"model": "token_blacklist.outstandingtoken", "pk": 104, "fields": {"user": "8d4990a5-c71c-40ab-8258-0d76bbe8cb5f", "jti": "1633a885a2f74c22b29eccc2d072c63e", "token": "eyJhbGciOiJIUzI1NiIsInR5cCI6IkpXVCJ9.eyJ0b2tlbl90eXBlIjoicmVmcmVzaCIsImV4cCI6MTc2NjEwMDgxMiwiaWF0IjoxNzY2MDE0NDEyLCJqdGkiOiIxNjMzYTg4NWEyZjc0YzIyYjI5ZWNjYzJkMDcyYzYzZSIsInVzZXJfaWQiOiI4ZDQ5OTBhNS1jNzFjLTQwYWItODI1OC0wZDc2YmJlOGNiNWYifQ.FV5wY311xVrJcsXQgP2y4CRai1nvWSCnM0Mnd82dhIw", "created_at": "2025-12-17T23:33:32.052", "expires_at": "2025-12-18T23:33:32"}}, {"model": "token_blacklist.outstandingtoken", "pk": 105, "fields": {"user": "8d4990a5-c71c-40ab-8258-0d76bbe8cb5f", "jti": "cfb7137cbf0047798b0ce41a63971e1a", "token": "eyJhbGciOiJIUzI1NiIsInR5cCI6IkpXVCJ9.eyJ0b2tlbl90eXBlIjoicmVmcmVzaCIsImV4cCI6MTc2NjEwMDg5MCwiaWF0IjoxNzY2MDE0NDkwLCJqdGkiOiJjZmI3MTM3Y2JmMDA0Nzc5OGIwY2U0MWE2Mzk3MWUxYSIsInVzZXJfaWQiOiI4ZDQ5OTBhNS1jNzFjLTQwYWItODI1OC0wZDc2YmJlOGNiNWYifQ._DXY2lvLcyF04N08pZplawZZnwVMnKZdQxF0K3AZEfQ", "created_at": "2025-12-17T23:34:50.189", "expires_at": "2025-12-18T23:34:50"}}, {"model": "token_blacklist.outstandingtoken", "pk": 106, "fields": {"user": "8d4990a5-c71c-40ab-8258-0d76bbe8cb5f", "jti": "579f019c46da498eb20aca7a4bc3d3b0", "token": "eyJhbGciOiJIUzI1NiIsInR5cCI6IkpXVCJ9.eyJ0b2tlbl90eXBlIjoicmVmcmVzaCIsImV4cCI6MTc2NjEwMTA4MywiaWF0IjoxNzY2MDE0NjgzLCJqdGkiOiI1NzlmMDE5YzQ2ZGE0OThlYjIwYWNhN2E0YmMzZDNiMCIsInVzZXJfaWQiOiI4ZDQ5OTBhNS1jNzFjLTQwYWItODI1OC0wZDc2YmJlOGNiNWYifQ.TOFn_Io8Hb6nT4T95F2fQ_lcmWhvSUhUzOc8YZKb_L4", "created_at": "2025-12-17T23:38:03.325", "expires_at": "2025-12-18T23:38:03"}}, {"model": "token_blacklist.outstandingtoken", "pk": 107, "fields": {"user": "8d4990a5-c71c-40ab-8258-0d76bbe8cb5f", "jti": "a08c929af5bc4d22961b3d32d66ea675", "token": "eyJhbGciOiJIUzI1NiIsInR5cCI6IkpXVCJ9.eyJ0b2tlbl90eXBlIjoicmVmcmVzaCIsImV4cCI6MTc2NjEwMTEzMCwiaWF0IjoxNzY2MDE0NzMwLCJqdGkiOiJhMDhjOTI5YWY1YmM0ZDIyOTYxYjNkMzJkNjZlYTY3NSIsInVzZXJfaWQiOiI4ZDQ5OTBhNS1jNzFjLTQwYWItODI1OC0wZDc2YmJlOGNiNWYifQ.ho3qpf9ree5FNU2jga6Mx0285C5VXhTKa60AD7iH80w", "created_at": "2025-12-17T23:38:50.150", "expires_at": "2025-12-18T23:38:50"}}, {"model": "token_blacklist.outstandingtoken", "pk": 108, "fields": {"user": "8d4990a5-c71c-40ab-8258-0d76bbe8cb5f", "jti": "4982f417c15f494f8cd4ab1a7f07153d", "token": "eyJhbGciOiJIUzI1NiIsInR5cCI6IkpXVCJ9.eyJ0b2tlbl90eXBlIjoicmVmcmVzaCIsImV4cCI6MTc2NjEwMTI1NSwiaWF0IjoxNzY2MDE0ODU1LCJqdGkiOiI0OTgyZjQxN2MxNWY0OTRmOGNkNGFiMWE3ZjA3MTUzZCIsInVzZXJfaWQiOiI4ZDQ5OTBhNS1jNzFjLTQwYWItODI1OC0wZDc2YmJlOGNiNWYifQ.70e04OdkRLamXymwwq7ScJXnEZJV6F01OJtIN_nGXYI", "created_at": "2025-12-17T23:40:55.562", "expires_at": "2025-12-18T23:40:55"}}, {"model": "token_blacklist.outstandingtoken", "pk": 109, "fields": {"user": "8d4990a5-c71c-40ab-8258-0d76bbe8cb5f", "jti": "dbe4aef6e1384c26b785e234e6aa95e7", "token": "eyJhbGciOiJIUzI1NiIsInR5cCI6IkpXVCJ9.eyJ0b2tlbl90eXBlIjoicmVmcmVzaCIsImV4cCI6MTc2NjEwMTQ0OSwiaWF0IjoxNzY2MDE1MDQ5LCJqdGkiOiJkYmU0YWVmNmUxMzg0YzI2Yjc4NWUyMzRlNmFhOTVlNyIsInVzZXJfaWQiOiI4ZDQ5OTBhNS1jNzFjLTQwYWItODI1OC0wZDc2YmJlOGNiNWYifQ.zdC3d0KmzhO3I-Zn7SHqWnV_2nuZeEVp8dMJbbPxhEI", "created_at": "2025-12-17T23:44:09.819", "expires_at": "2025-12-18T23:44:09"}}, {"model": "token_blacklist.outstandingtoken", "pk": 110, "fields": {"user": "8d4990a5-c71c-40ab-8258-0d76bbe8cb5f", "jti": "d950afd51f7245fca7d6e4363b39db20", "token": "eyJhbGciOiJIUzI1NiIsInR5cCI6IkpXVCJ9.eyJ0b2tlbl90eXBlIjoicmVmcmVzaCIsImV4cCI6MTc2NjEwMTYyOCwiaWF0IjoxNzY2MDE1MjI4LCJqdGkiOiJkOTUwYWZkNTFmNzI0NWZjYTdkNmU0MzYzYjM5ZGIyMCIsInVzZXJfaWQiOiI4ZDQ5OTBhNS1jNzFjLTQwYWItODI1OC0wZDc2YmJlOGNiNWYifQ.gXN517YYl30fyA5WHg7NhWkgSOjni6xa0dIJKvGucsw", "created_at": "2025-12-17T23:47:08.615", "expires_at": "2025-12-18T23:47:08"}}, {"model": "core.customuser", "pk": "8d4990a5-c71c-40ab-8258-0d76bbe8cb5f", "fields": {"password": "pbkdf2_sha256$1000000$EdetgH2mKDvaTbjECtLb0U$AQQ9ShDcLCLP7d14BqYBIuArdDUtkaghReGouiEsuOo=", "last_login": null, "is_superuser": false, "first_name": "پوریا", "last_name": "شیرالی پور", "is_staff": false, "is_active": true, "date_joined": "2025-12-10T03:16:43.694", "username": "ab80ca87-c7a1-4a8e-a0f6-5d31d68abf8d", "email": "pouriashiralipour@gmail.com", "phone_number": "+989232602184", "nickname": "پوریا", "gender": "Male", "profile_pic": "profile_pics/33.jpg", "date_of_birth": "1404-09-19", "is_email_verified": true, "is_phone_verified": true, "groups": [], "user_permissions": []}}, {"model": "core.customuser", "pk": "e1430c19-a792-4a4b-a71b-2ae188bed564", "fields": {"password": "pbkdf2_sha256$1000000$vFntLzs6CEnX4PDYIVk5PO$JQfVYO+CysgWvG7x4zi5UjuzzQ2F2gNXOMaNqqTqHj4=", "last_login": "2025-12-09T22:49:38.220", "is_superuser": true, "first_name": "پوریا", "last_name": "شیرالی پور", "is_staff": true, "is_active": true, "date_joined": "2025-12-09T22:49:13.348", "username": "0d510c51-b2ed-468a-80f8-72885ae8568d", "email": "impoush@gmail.com", "phone_number": "+989160253022", "nickname": "پوریا", "gender": "Male", "profile_pic": "", "date_of_birth": "2025-12-09", "is_email_verified": true, "is_phone_verified": true, "groups": [], "user_permissions": []}}, {"model": "store.category", "pk": 3, "fields": {"name": "تراریوم", "description": "راریوم (Terrarium) در واقع یک باغ شیشه‌ای مینیاتوری است؛ یک اکوسیستم کوچک و خودکفا که در ظرفی شفاف (معمولاً شیشه‌ای) ساخته می‌شود و محیطی ایده‌آل برای گیاهان رطوبت‌دوست و کم‌توقع فراهم می‌کند که به آبیاری روزانه نیاز ندارند، چون چرخه آب در آن به صورت طبیعی تکرار می‌شود (تبخیر و میعان) و به همین دلیل نگهداری آن آسان است و برای افراد پرمشغله مناسب است.", "created_at": "2025-12-10T18:12:49.029", "updated_at": "2025-12-10T18:12:49.029"}}, {"model": "store.category", "pk": 4, "fields": {"name": "زاموفیلیا", "description": "زاموفیلیا (Zamioculcas zamiifolia)، گیاه آپارتمانی بسیار مقاوم و محبوب با برگ‌های سبز، براق و چرمی است که به \"گیاه جاودانگی\" نیز معروف بوده و نگهداری از آن آسان است؛ این گیاه به آبیاری کم، نور غیرمستقیم و دمای متعادل (18-24 درجه سانتی‌گراد) نیاز دارد و برای افراد پرمشغله ایده‌آل است، زیرا در برابر خشکی و کم‌توجهی مقاوم است و به تصفیه هوا کمک می‌کند.", "created_at": "2025-12-10T18:13:33.150", "updated_at": "2025-12-10T18:13:33.150"}}, {"model": "store.category", "pk": 5, "fields": {"name": "موساریوم", "description": "موساریوم (Mossarium) نوعی تراریوم یا باغ شیشه‌ای مینیاتوری است که تمرکزش بر روی رشد انواع خزه است؛ این ظرف شیشه‌ای، یک اکوسیستم کوچک و خودکفا ایجاد می‌کند که به دلیل رطوبت بالا و نور غیرمستقیم، نیازمند آبیاری کم (گاهی ماهی یک بار) است و برای دکوراسیون داخلی بسیار محبوب است، به‌خصوص مدل‌های تثبیت‌شده که حتی به آب و نور هم نیاز ندارند.", "created_at": "2025-12-10T18:14:20.580", "updated_at": "2025-12-10T18:14:20.580"}}, {"model": "store.category", "pk": 6, "fields": {"name": "برگ انجیری", "description": "برگ انجیری (Monstera deliciosa) یک گیاه آپارتمانی بسیار محبوب است که به خاطر برگ‌های بزرگ، براق و زیبای شکاف‌دارش معروف است و ظاهری استوایی به فضا می‌دهد و به دلیل مقاومت و نگهداری نسبتاً آسان، برای دکوراسیون داخلی و فضاهای اداری عالی است، اما نیاز به نور کافی و رطوبت مناسب دارد تا رشد خوبی داشته باشد و در ایران به آن «اژبن» هم گفته می‌شود.", "created_at": "2025-12-10T18:14:52.285", "updated_at": "2025-12-10T18:14:52.285"}}, {"model": "store.category", "pk": 7, "fields": {"name": "فیلودندرون", "description": "فیلودندرون (Philodendron) گیاهی آپارتمانی محبوب و همیشه سبز از خانواده آراسه (شیپوریان) است که به دلیل برگ‌های زیبا و نگهداری آسان شناخته می‌شود؛ نامش به معنی \"درخت دوست\" است و به دلیل خاستگاهش در جنگل‌های بارانی گرمسیری، عاشق نور غیرمستقیم و رطوبت است و انواع مختلفی دارد که برخی بالارونده و برخی ایستاده رشد می‌کنند و برای دکوراسیون داخلی عالی هستند.", "created_at": "2025-12-10T18:15:43.747", "updated_at": "2025-12-10T18:15:43.747"}}, {"model": "store.category", "pk": 8, "fields": {"name": "پتوس", "description": "گیاه پتوس (Epipremnum aureum) یکی از محبوب‌ترین گیاهان آپارتمانی است که به دلیل زیبایی و نگهداری آسانش مورد توجه بسیاری از علاقه‌ مندان به گل و گیاه قرار گرفته است. این گیاه بومی جزایر سلیمان و نواحی گرمسیری جنوب شرق آسیا است و به عنوان یک گیاه رونده شناخته می‌شود. پتوس با برگ‌های قلبی شکل و رنگ‌های مختلف، از جمله سبز، زرد و سفید، جلوه‌ای زیبا به فضاهای داخلی می‌بخشد. این گیاه به راحتی در شرایط مختلف رشد می‌کند و می‌تواند در نور کم یا نور مستقیم خورشید به خوبی زنده بماند. به همین دلیل، گزینه‌ای عالی برای افرادی است که به دنبال خرید گل و گیاهان آپارتمانی هستند.", "created_at": "2025-12-10T18:33:56.478", "updated_at": "2025-12-10T18:33:56.478"}}, {"model": "store.category", "pk": 9, "fields": {"name": "نخل آپارتمانی", "description": "گیاه نخل آپارتمانی به گونه‌های مختلفی از گیاهان نخلی اطلاق می‌شود که به عنوان گیاهان زینتی در داخل منازل و آپارتمان‌ها پرورش داده می‌شوند. این گونه‌های نخل‌ها به دلایل زیبایی، تزئینی و همچنین به منظور تأمین تازگی هوا و بهبود کیفیت هوای داخلی منازل مورد استفاده قرار می‌گیرند.\r\n\r\nنخل‌های آپارتمانی اغلب از اندازه‌های کوچک‌تری نسبت به نخل‌های خارجی تا یک متر یا حتی کمتر رشد می‌کنند. این اندازه کوچک آنها را مناسب برای مکان‌های با فضای محدود مانند آپارتمان‌ها می‌کند. برای خرید گل در متنوع ترین اشکال و اندازه با پلنت لند در ارتباط باشید.", "created_at": "2025-12-10T18:36:11.349", "updated_at": "2025-12-10T18:36:11.349"}}, {"model": "store.category", "pk": 10, "fields": {"name": "شفلرا", "description": "شفلرا یکی از گیاهان آپارتمانی زینتی و محبوب است که با وجود نگهداری آسان، به توجه ویژه ای نیاز دارد. این گیاه زیبا در دو نوع ابلق و سبز وجود دارد و به دلیل فرم زیبا و چتر مانند برگها طرفداران زیادی را به خود جلب کرده است. همچنین شفلرا رشد نسبتا سریعی دارد و می‌تواند در یک زمان کم به یک درختچه زیبا تبدیل شود و خانه شما را سبز کند.", "created_at": "2025-12-10T18:38:02.290", "updated_at": "2025-12-10T18:38:02.290"}}, {"model": "store.category", "pk": 11, "fields": {"name": "بامبو", "description": "گیاه بامبو یک گونه گیاهی است که به خانواده بومباکس (Bambusoideae) تعلق دارد. بامبو یک گیاه خودرو با ساقه‌های بافته‌شده از گونه‌های مختلف است که از لحاظ طول و اندازه متغیر می‌باشد. این گیاه به عنوان یکی از سبزترین گیاهان جهان شناخته می‌شود و در مناطق مختلف جهان هم رشد می‌کند.", "created_at": "2025-12-10T18:48:52.335", "updated_at": "2025-12-10T18:48:52.335"}}, {"model": "store.product", "pk": "005578b6-7bac-4360-a06d-df350e4be3d3", "fields": {"name": "فیلودندرون برکین", "slug": "فیلودندرون-برکین", "description": "گیاه فیلودندرون برکین یک گیاه هیبریدی منحصر به فرد است که به خاطر شاخ و برگ های متنوع زیبا با رگه های کرمی سفید یا زرد روی برگ های سبز شناخته شده است. فیلودندرون برکین ه یک جهش نادر و ناپایدار از هیبرید فیلودندرون روخو کنگو است و به دلیل رنگارنگ نواری آن برجسته است. شایان ذکر است که تنوع فقط در گیاهان بالغ ظاهر می شود و گاهی اوقات ممکن است برگ هایی با رنگ قرمز یا قسمتی قرمز و نوارهای سفید نیمه کرمی ایجاد کند.\r\n\r\nگیاه فیلودندرون برکین با ساقه ای ضخیم، عمودی و خود نگهدار است که ظاهری شبیه درخت دارد. این گیاه کم رشد و جمع و جور است که آن را به انتخابی عالی برای فضاهای کوچک تبدیل می کند.\r\n\r\nنور مناسب: گیاه فیلودندرون برکین معمولاً از چند ساعت آفتاب روشن صبحگاهی استقبال می کند. برای به حداکثر رساندن تنوع، می‌خواهید از گوشه‌هایی که بیش از حد سایه هستند اجتناب کنید، اما آفتاب مستقیم بیش از حد می‌تواند برگ‌ها را بسوزاند.\r\nدما: این گیاه در دمای متوسط خانه رشد می کند. محدوده دمایی ایده آل برای گیاه فیلودندرون برکین دمای بین 18 تا 24 درجه سانتیگراد است. برای اطمینان از رشد سالم، فیلودندرون استوایی را دور از هوای سرد و دور از گرمای مستقیم نگه دارید.\r\nخاک: فیلودندرون برکین خاک با زهکشی خوب و غنی از مواد مغذی را دوست دارد. زمانی که 2.5 سانتی متر بالای خاک خشک شد، گیاه را آبیاری کنید. آبیاری بیش از حد می تواند منجر به مشکلاتی مانند پوسیدگی ریشه شود، بنابراین مهم است که اجازه دهید خاک تا حدی بین دو آبیاری خشک شود.", "is_active": true, "price": 7800000, "inventory": 8, "category": 7, "created_at": "2025-12-10T18:32:43.324", "updated_at": "2025-12-10T18:32:43.324"}}, {"model": "store.product", "pk": "1092d590-f856-40c1-8042-9398392a9658", "fields": {"name": "زاموفیلیا سبز هلندی", "slug": "زاموفیلیا-سبز-هلندی", "description": "گیاه زاموفیلیا سبز هلندی گلدان پلیمری سطل ۷  از خانواده زاموفیلیا، با برگ های سبز و پهن، انتخابی خاص و جذاب برای شما خواهد بود. اگر به دنبال قیمت و خرید یک گیاه آپارتمانی با ترکیب رنگی جذاب و جلوه ای متفاوت برای منزل یا محیط کار خود هستید، این گیاه، فضای شما را به محیطی باطراوت و پرانرژی تبدیل می کند.\r\n\r\nمقاله مفید: معرفی انواع زاموفیلیا\r\n\r\nچرا زاموفیلیا را برای خرید انتخاب کنیم؟\r\n\r\nرنگ و زیبایی منحصر به فرد: برگ های سبز و پهن، گزینه ای ایده آل برای ایجاد جلوه ای زنده در دکوراسیون.\r\nگلدان شیک: ارائه شده در گلدان پلیمری سطل ۷ متناسب با دکوراسیون های مدرن و مینیمال.\r\nارتفاع ایده آل: با ارتفاع ۴۵-۵۰ Cm، مناسب برای گوشه های کم نور گیر و فضاهای داخلی است.\r\nمشخصات و شرایط نگهداری\r\n\r\nارتفاع: ۴۵-۵۰ Cm\r\nنوع گلدان: گلدان پلیمری سطل ۷\r\nشرایط نوری: نور پشت پنجره – غیر مستقیم\r\nآبیاری: آب دهی ۱۰ روز یکبار سیراب شود\r\nکود دهی: ماهانه یکبار (کود مایع زاموفیلیا یا House Plant)\r\n\r\nانتخابی خاص برای علاقمندان به طبیعت و زیبایی", "is_active": true, "price": 34000000, "inventory": 20, "category": 4, "created_at": "2025-12-10T18:46:52.928", "updated_at": "2025-12-10T18:46:52.928"}}, {"model": "store.product", "pk": "1a3da3fe-4b14-4ed4-bba4-c48881a317a9", "fields": {"name": "بامبو لوتوس آبی سه سایز", "slug": "بامبو-لوتوس-آبی-سه-سایز", "description": "گیاه بامبو لوتوس آبی  گیاهی استوایی است و به دمای معتدل و هوای شرجی نیاز دارد.\r\nرطوبت مورد نیاز بامبو لوتوس حدود 70 درصد است که به سلامت گیاه کمک می کند.\r\nبامبو لوتوس یکی از گیاهانی که نیاز به آبیاری فراوان دارد .\r\nالبته میزان آبیاری باید به میزان نور دریافتی توسط گیاه بستگی داشته باشد و به طور کلی خاک گیاه نباید کامل خشک شود.\r\nبامبو نیازمند آب بدون کلر و فلوراید است .\r\nدر فصل سرما ، حدود هفته ای سه بار آبیاری کافی است .\r\n گیاه بامبوی لوتوس  آبی به نور زیادی نیاز ندارد و نور مستقیم به آن آسیب می رساند .\r\nدر صورت قرار گیری در نور مستقیم ، لوتوس ممکن است دچار پوسیدگی شود و لکه های قهوه ای روی برگ ها ظاهر شود.", "is_active": true, "price": 14000000, "inventory": 6, "category": 11, "created_at": "2025-12-10T18:49:32.377", "updated_at": "2025-12-10T18:49:32.377"}}, {"model": "store.product", "pk": "2c70aa91-fcf5-4d46-9b84-acb63e65c5d9", "fields": {"name": "تراریوم رطوبتی طرح بیگ جنگل", "slug": "تراریوم-رطوبتی-طرح-بیگ-جنگل", "description": "تراریوم رطوبتی طرح بیگ جنگل، از محصولات خاص و هنرمندانه پلنت لند است که با ترکیب گیاهان زیبا شامل شامادورا – سرخس ورنا – رویال – خزه آمازونیا – خزه کریسمس، فضایی سبز، لطیف و آرام بخش را در ابعاد کوچک برای شما به ارمغان می آورد. این تراریوم با طراحی مدرن و رنگ بندی دل نشین، انتخابی عالی برای زیبا سازی فضا های داخلی با حداقل نیاز به نگهداری است.\r\n\r\nمقالات مفید: نحوه نگهداری از تراریوم", "is_active": true, "price": 36000000, "inventory": 34, "category": 3, "created_at": "2025-12-10T18:43:23.151", "updated_at": "2025-12-10T18:43:23.151"}}, {"model": "store.product", "pk": "411562f5-80ac-4834-9784-8ebe76ec855f", "fields": {"name": "فیلودندرون پرتقالی", "slug": "فیلودندرون-پرتقالی", "description": "گیاه فیلودندرون پرتقالی که به «شاهزاده نارنجی» معروف است نتیجه تلاقی بین فیلودندرون erubescens و دیگر گونه‌های آن است. این گیاه متعلق به خانواده ساکنان جنگل های استوایی Araceae است و بومی آب و هوای گرمسیری آمریکای جنوبی است.\r\nگیاه فیلودندرون نارنجی یا پرتقالی به دلیل رنگ آمیزی منحصر به فردش بسیار مورد توجه است. نمونه‌های جوان دارای برگ‌های نارنجی رنگی هستند که با بلوغ به تدریج به سبز تبدیل می‌شوند.\r\nگیاه فیلودندرون یک گیاه خود سر است، به این معنی که دمبرگ های آن نزدیک به هم چیده شده اند و تا زمانی که گیاه واقعاً پیر نشود، ساقه آن قابل مشاهده نیست.\r\nگیاه فیلودندرون پرتقالی نور روشن، غیر مستقیم و رطوبت بالا را ترجیح می دهد. می توان گیاه فیلودندرون را در گلدان به مدت طولانی بدون نگرانی در مورد اینکه بخواهد بالا برود، پرورش داد. عادت رشد خودسرانه این گیاه، ساقه را بسیار کوتاه نگه می‌دارد و برگ‌ها از نزدیک روی هم قرار می‌گیرند و شکلی شبیه به گل سرخ را تشکیل می‌دهند.\r\nخاک گیاه  باید مرطوب باشد زیرا این شاهزاده نارنجی یک اپی فیت است و دارای ریشه های هوایی است. گیاه شاهزاده نارنجی در برابر پوسیدگی ریشه بسیار آسیب پذیر است. بنابراین مهم است که از مخلوط گلدانی با زهکشی خوب استفاده کنید تا گیاه شما در آب ننشیند. فیلودندرون نارنجی در صورت بلعیده شدن قسمتی از گیاه برای انسان و حیوانات خانگی سمی است.", "is_active": true, "price": 9900000, "inventory": 4, "category": 7, "created_at": "2025-12-10T18:18:49.155", "updated_at": "2025-12-10T18:33:13.989"}}, {"model": "store.product", "pk": "41cf33a5-1a3b-45f1-ade2-bc4c24d7d224", "fields": {"name": "فیلودندرون امپریال قرمز", "slug": "فیلودندرون-امپریال-قرمز", "description": "گیاه فیلودندرون امپریال قرمز یکی از گیاهان زینتی زیبا است در جنگل های گرمسیری یافت می شود .\r\nفیلودندرون امپریال گیاهی سایه دوست است که نباید در معرض آفتاب کامل قرار گیرد .\r\nآبیاری فیلو دندرون هنگامی انجام می شود که سطح خاک خشک باشد ، این گیاه به خشکی مقاوم است .\r\nاستفاه از گلدان مناسب با سوراخ های زهکشی به اندازه کافی نیز حیاتی است و این کار ریسک ابتلا فیلودندرون امپریال را به بیماری ها کاهش می دهد .\r\nدمای نگه داری گیاه فیلودندرون دمای معمول خانه است و رشد گیاه در دماهای پایین تر از این بازده متوقف می شود و دمای زیر 10 درجه سانتی گراد می تواند به گیاه آسیب برساند .\r\nبرای تکثیر فیلودندرون امپریال بهترین روش قلمه ساقه است .", "is_active": true, "price": 8700000, "inventory": 3, "category": 7, "created_at": "2025-12-10T18:31:40.405", "updated_at": "2025-12-10T18:33:00.923"}}, {"model": "store.product", "pk": "437575da-cb5c-48c5-b0fb-ed99d5cde429", "fields": {"name": "لاکی بامبو 100 Cm", "slug": "لاکی-بامبو-100-cm", "description": "گیاه لاکی بامبو (Lucky Bamboo)، که به عنوان “بامبو خوش‌ شانس” نیز شناخته می‌ شود، یکی از گیاهان آپارتمانی محبوب است که به دلیل زیبایی و نگهداری آسانش، در بسیاری از خانه‌ ها و ادارات دیده می‌ شود. این گیاه به عنوان نمادی از خوشبختی و ثروت در فرهنگ‌ های مختلف شناخته می‌ شود و به همین دلیل، خرید گیاه خانگی گیاه لاکی بامبو 100 Cm به عنوان یک هدیه نیز بسیار رایج است.\r\n\r\nنگهداری از گیاه لاکی بامبو بسیار ساده است و این یکی از دلایل محبوبیت آن در میان گیاهان آپارتمانی است. این گیاه به نور غیرمستقیم و آبیاری منظم نیاز دارد. بهتر است از آب تصفیه‌شده یا آب باران برای آبیاری استفاده کنید و هر چند وقت یکبار، آب را تعویض کنید تا از رشد باکتری‌ها جلوگیری شود. در صورتی که گیاه در خاک کاشته شده باشد، باید از خاک مناسب و با زهکشی خوب استفاده کنید. همچنین، می‌توانید از کود مایع مخصوص گیاهان آپارتمانی هر چند ماه یکبار استفاده کنید تا رشد بهتری داشته باشد. توجه داشته باشید که دما باید بین ۱۸ تا ۲۴ درجه سانتی‌گراد باشد و از قرار دادن گیاه در معرض باد یا دماهای بسیار پایین خودداری کنید.\r\n\r\nقیمت گیاه لاکی بامبو بسته به اندازه و نوع آن متفاوت است. معمولاً قیمت این گیاه با توجه به اندازه گیاه متغیر است. گیاهان کوچک‌تر معمولاً قیمت کمتری دارند، در حالی که گیاهان بزرگ‌تر و چند شاخه‌ای قیمت بالاتری خواهند داشت. برای خرید گل و گیاه، می‌ توانید به پلنت لند بهترین فروشگاه گل و گیاه در تهران مراجعه کنید و از تنوع و کیفیت محصولات دیگر آن نیز مانند سانسوریا، زاموفیلیا و فیکوس بهره‌ مند شوید. همچنین، خرید گیاه لاکی بامبو به عنوان یک هدیه می‌ تواند گزینه‌ای مناسب و خاص باشد.", "is_active": true, "price": 8500000, "inventory": 13, "category": 11, "created_at": "2025-12-10T18:51:13.521", "updated_at": "2025-12-10T18:51:13.521"}}, {"model": "store.product", "pk": "53c18ce8-7358-470f-aab0-a15d777e1bf3", "fields": {"name": "تراریوم بنسای فیکوس طرح یلو سیگنچر", "slug": "تراریوم-بنسای-فیکوس-طرح-یلو-سیگنچر", "description": "تراریوم بنسای فیکوس طرح یلو سیگنچر، اکو سیستم رطوبتی و از محصولات خاص و هنرمندانه‌ پلنت لند که با ترکیب گیاه بنسای فیکوس رتوزا ۱۲ ساله – فتونیا سفید – خزه آمازونیا – خزه کریسمس، فضایی سبز و آرام‌ بخش را در ابعاد کوچک برای شما به ارمغان می‌ آورند. این تراریوم با طراحی مدرن و ترکیب رنگی و طبیعی، انتخابی مناسب برای زیباسازی فضاهای داخلی با حداقل نیاز به نگهداری است.\r\n\r\nمقالات مفید: نحوه نگهداری از تراریوم", "is_active": true, "price": 12000000, "inventory": 5, "category": 3, "created_at": "2025-12-10T18:44:13.459", "updated_at": "2025-12-10T18:44:13.459"}}, {"model": "store.product", "pk": "55fd7f93-c99b-4a1b-88b1-32430bbcfbce", "fields": {"name": "اسکاندیس سبز رومیزی", "slug": "اسکاندیس-سبز-رومیزی", "description": "گیاه اسکاندیس سبز  یک گیاه آپارتمانی سبز و مقاوم است که از خانواده آراسه بوده و بومی نواحی جنوبی قاره آمریکا است.\r\nاین گیاه مقاوم و سریع الرشد هست و حساسیت کمی نسبت به تغییرات درجه حرارت و نور دارد .\r\nگیاه اسکاندیس سبز رومیزی نور متوسط را ترجیح می دهد اما نسبت به سایه مقاوم است .\r\nاین گیاه آپارتمانی به خاکی با ترکیب خاک برگ ، خاک باغچه و ماسه که دارای زهکشی خوبی باشد نیاز دارد .\r\nگیاه اسکاندیس سبز رومیزی به آبیاری بیش از حد حساس است و با این کار ریشه گیاه دچار پوسیدگی می شود و از بین می رود .\r\nزهکشی مناسب در اسکاندیس باعث جلوگیری از پوسیدگی ریشه گیاه می شود .\r\nتعویض گلدان هر دو سال یک بار توصیه می شود .", "is_active": true, "price": 6800000, "inventory": 1, "category": 8, "created_at": "2025-12-10T18:34:53.106", "updated_at": "2025-12-10T18:34:53.106"}}, {"model": "store.product", "pk": "5fc49be6-95a3-4a0a-809b-205c401b69a9", "fields": {"name": "شفلرا آمیت", "slug": "شفلرا-آمیت", "description": "فلرا گیاهی گرمسیری و شگفت انگیز و بومی جنگل های استرالیا ، جاوا و اندونزی است .\r\nشفلرا آمیت یک گیاه تک شاخه است و برگ های پهنش از ویژگی های برجسته این گیاه است .\r\nگیاه شفلرا جز گیاهان مقاوم و کم توقع است ، اما این شفلرا آمیت  نیازمند رطوبت بیشتری نسبت به گونه های معمولی شفلرا است .\r\nاین گیاه می تواند در مناطق با نور متوسط تا نور زیاد نگه داری شود . و هرچقدر که نور دریافتی توسط برگ های این گونه بیشتر باشد گیاه سبز تر و شاداب تر و در صورت کم بودن نور دریافتی ، برگ ها رنگ پریده و بسیار نازک می شوند .\r\nمانند بساری از گیاهان آپارتمانی ، شفلرا نیز به آبیاری زیاد حساس است و آبیاری بیش از حد منجر به پوسیدگی ریشه ، لکه برگی می شود .\r\nخاکی که سبک و زهکشی شده باشد مناسب شفلرا آمیت است .", "is_active": true, "price": 14000000, "inventory": 6, "category": 10, "created_at": "2025-12-10T18:39:07.197", "updated_at": "2025-12-10T18:39:07.197"}}, {"model": "store.product", "pk": "7cc80241-7f8a-4306-ba3e-22908dca9d8d", "fields": {"name": "موساریوم بنسای فیکوس طرح تاب عشق", "slug": "موساریوم-بنسای-فیکوس-طرح-تاب-عشق", "description": "موساریوم بنسای فیکوس طرح تاب عشق ۱۰ ساله اکو سیستم رطوبتی، یکی از محصولات خاص و جذاب برای دکوراسیون داخلی است که با خلق یک اکوسیستم مینیاتوری، جلوه ای بی نظیر و آرامش بخش به فضای خانه یا محل کار می بخشد. این موساریوم به دلیل نگهداری بسیار آسان و نیاز کم، گزینه ای مناسب برای افرادی است که به دنبال یک قطعه طبیعت زنده و در عین حال کم دردسر هستند.\r\n\r\nهمچنین طراحی شیشه ای و مدرن موساریوم، امکان استفاده از آن به عنوان یک نقطه کانونی روی میز، شلف یا کتابخانه را فراهم می کند. نگهداری آسان این محصول باعث شده است که برای افراد مبتدی نیز انتخابی عالی باشد. این موساریوم علاوه بر زیبایی، به افزایش رطوبت نسبی محیط نیز کمک می کند. با انتخاب این گیاه، می توانید تکه ای از طبیعت بکر را به منزل خود آورده و حس آرامش را به خانه بیاورید.\r\n\r\nمقالات مفید: استفاده از گیاهان آپارتمانی در دفتر کار خانگی", "is_active": true, "price": 31500000, "inventory": 9, "category": 5, "created_at": "2025-12-10T18:41:16.169", "updated_at": "2025-12-10T18:41:16.169"}}, {"model": "store.product", "pk": "821383b9-5a94-4787-84c6-8681b99a3424", "fields": {"name": "تراریوم لوتوس بامبو طرح وایت استیر", "slug": "تراریوم-لوتوس-بامبو-طرح-وایت-استیر", "description": "تراریوم لوتوس بامبو طرح وایت استیر یک اکو سیستم رطوبتی، یکی از محصولات خاص و جذاب برای دکوراسیون داخلی است که با خلق یک اکوسیستم مینیاتوری، جلوه ای بی نظیر و آرامش بخش به فضای خانه یا محل کار می بخشد. این تراریوم به دلیل نگهداری بسیار آسان و نیاز کم، گزینه ای مناسب برای افرادی است که به دنبال یک قطعه طبیعت زنده و در عین حال کم دردسر هستند.\r\n\r\nهمچنین طراحی شیشه ای و مدرن تراریوم، امکان استفاده از آن به عنوان یک نقطه کانونی روی میز، شلف یا کتابخانه را فراهم می کند. نگهداری آسان این محصول باعث شده است که برای افراد مبتدی نیز انتخابی عالی باشد. این تراریوم علاوه بر زیبایی، به افزایش رطوبت نسبی محیط نیز کمک می کند. با انتخاب این گیاه، می توانید تکه ای از طبیعت بکر را به منزل خود آورده و حس آرامش را به خانه بیاورید.\r\n\r\nمقالات مفید: استفاده از گیاهان آپارتمانی در دفتر کار خانگی", "is_active": true, "price": 17500000, "inventory": 18, "category": 3, "created_at": "2025-12-10T18:45:01.349", "updated_at": "2025-12-10T18:45:19.307"}}, {"model": "store.product", "pk": "c30d0a6b-624b-4990-9d5c-f610ed5510e3", "fields": {"name": "شامادورا گلدان فلزی", "slug": "شامادورا-گلدان-فلزی", "description": "گیاه شامادورا سبز گلدان فلزی از خانواده نخل ها با برگ های سبز رنگ، انتخابی خاص و جذاب برای شما خواهد بود. اگر به دنبال قیمت و خرید یک گیاه آپارتمانی با رنگ سبز و جلوه ای متفاوت برای منزل یا محیط کار خود هستید، این گیاه با برگ های سرسبز، فضای شما را به محیطی باطراوت و پرانرژی تبدیل می کند.\r\n\r\nمقاله مفید: چرا گیاه شامادورا رشد نمیکند؟\r\n\r\nچرا گیاه شامادورا گلدان فلزی را برای خرید انتخاب کنیم؟\r\n\r\nرنگ و زیبایی منحصر به فرد: برگ های سبز، این گیاه را به گزینه ای ایده آل برای ایجاد جلوه ای زنده در دکوراسیون تبدیل می کند.\r\nگلدان شیک: ارائه شده در گلدان فلزی، سایز سطل ۱۰، گلدان فلزی در رنگ های سفید – مشکی – نوک مدادی متناسب با دکوراسیون های مدرن و مینیمال.\r\nارتفاع ایده آل: با ارتفاع ۹۰-۱۰۰ Cm، مناسب برای میز، گوشه ها و فضاهای داخلی است.\r\n\r\n(توجه : اگر رنگ خاصی مد نظرتان است در توضیحات سایت بنویسید در صورت عدم تعیین رنگ ، مشکی ارسال می شود مطابق تصویر)\r\n\r\nمشخصات و شرایط نگهداری\r\n\r\nارتفاع: ۹۰-۱۰۰ Cm\r\nنوع گلدان: فلزی، سایز سطل ۱۰، گلدان فلزی در رنگ های سفید – مشکی – نوک مدادی\r\nشرایط نوری: نور پشت پنجره\r\nآبیاری: آب دهی هفته ای یکبار سیراب شود\r\nکود دهی: کود دهی ماهانه یکبار (کود مایع House Plant)\r\nنکته مهم: دور از سرمای مستقیم و باد کولر نگهداری شود.\r\nانتخابی خاص برای علاقمندان به طبیعت و زیبایی\r\n\r\nگیاه شامادورا با برگ های باریک و سبز و نگهداری آسان، یک انتخاب متفاوت برای زیباسازی دکوراسیون منزل یا محیط کار شما است.", "is_active": true, "price": 28000000, "inventory": 5, "category": 9, "created_at": "2025-12-10T18:40:13.235", "updated_at": "2025-12-10T18:40:13.235"}}, {"model": "store.product", "pk": "d70d37f6-d0b0-4297-a4c6-ec6b6c47fae3", "fields": {"name": "زاموفیلیا بلک رومیزی", "slug": "زاموفیلیا-بلک-رومیزی", "description": "گیاه زاموفیلیا بلک یکی از انواع خاص زاموفیلیاهاست که به دلیل رنگ خاصش ، نادر و گران قیمت است .\r\nزاموفیلیا بلک در ابتدا با برگ سبز یشمی شروع به رشد می کند اما به مرور زمان رنگ های بنفش تیره و مشکی تغییر می کند.\r\nگیاه زاموفیلیا  بلک به نور زیادی نیاز ندارد و آبیاری بیش از حد می تواند به پوسیدگی ساقه و ریشه منجر شوذ.\r\nزاموفیلیا بلک نیاز به نور کمتری نسبت به بسیاری از گیاهان دیگر دارد .\r\nبرای نگه داری گیاه  زاموفیلیا سوپر بلک، خاکی حاوی مقداری پرلیت یا ماسه مناسب است .\r\nهمچنین جین نگه داری از گیاه حتما به وجود منفذ در زیر گلدان توجه کنید تا آب اضافی تخلیه شود و ریشه ها دچار گندیدن نشود .\r\nزاموفیلیا یکی از گیاهانی است که به سه طریق می توان تکثیر کرد : برش ساقه ، از طریق برگ ، جدا کردن ریزوم ها\r\nزرد شدن و رنگ پریدگی برگ گیاه به دلیل آبیاری بیش از حد ، خشکی گیاه و کمبود نور اتفاق می افتد.", "is_active": true, "price": 8500000, "inventory": 0, "category": 4, "created_at": "2025-12-10T18:47:42.645", "updated_at": "2025-12-10T18:47:42.645"}}, {"model": "store.product", "pk": "ea9d747d-78c1-4453-8616-8a124c5b61f8", "fields": {"name": "موساریوم چراغدار طرح جنگل بامبو چین", "slug": "موساریوم-چراغدار-طرح-جنگل-بامبو-چین", "description": "موساریوم چراغدار طرح جنگل بامبو چین یکی از محصولات خاص و جذاب برای دکوراسیون داخلی است که با خلق یک اکوسیستم مینیاتوری، جلوه ای بی نظیر و آرامش بخش به فضای خانه یا محل کار می بخشد. این موساریوم به دلیل نگهداری بسیار آسان و نیاز کم، گزینه ای مناسب برای افرادی است که به دنبال یک قطعه طبیعت زنده و در عین حال کم دردسر هستند. همچنین طراحی شیشه ای و مدرن موساریوم، امکان استفاده از آن به عنوان یک نقطه کانونی روی میز، شلف یا کتابخانه را فراهم می کند. نگهداری آسان این محصول باعث شده است که برای افراد مبتدی نیز انتخابی عالی باشد. این موساریوم علاوه بر زیبایی، به افزایش رطوبت نسبی محیط نیز کمک می کند. با انتخاب این گیاه، می توانید تکه ای از طبیعت بکر را به منزل خود آورده و حس آرامش را به خانه بیاورید\r\n\r\nمقالات مفید: استفاده از گیاهان آپارتمانی در دفتر کار خانگی", "is_active": true, "price": 22000000, "inventory": 11, "category": 5, "created_at": "2025-12-10T18:42:38.214", "updated_at": "2025-12-10T18:42:38.214"}}, {"model": "store.product", "pk": "ec902523-a672-46e9-aab0-06566e2a3a16", "fields": {"name": "بامبو خاکی سیلور", "slug": "بامبو-خاکی-سیلور", "description": "یاه بامبو خاکی سیلور با گلدان سفید سرامیکی از خانواده  بامبو با برگ های سبز و زرد یا خاکی، سیلور، انتخابی خاص و جذاب برای شما خواهد بود. اگر به دنبال قیمت و خرید یک گیاه آپارتمانی با ترکیب رنگی و جلوه ای متفاوت برای منزل یا محیط کار خود هستید، این گیاه، فضای شما را به محیطی باطراوت و پرانرژی تبدیل می کند.\r\n\r\nمقاله مفید: گل و گیاهان مناسب نشیمن و پذیرایی", "is_active": true, "price": 7600000, "inventory": 47, "category": 11, "created_at": "2025-12-10T18:50:07.800", "updated_at": "2025-12-10T18:50:07.800"}}, {"model": "store.productimage", "pk": 7, "fields": {"product": "411562f5-80ac-4834-9784-8ebe76ec855f", "image": "https://plantlandtehran.com/wp-content/uploads/2023/11/2B637417-DA6D-4660-9E80-0FE34D573909-700x933.jpeg", "main_picture": true}}, {"model": "store.productimage", "pk": 8, "fields": {"product": "411562f5-80ac-4834-9784-8ebe76ec855f", "image": "https://plantlandtehran.com/wp-content/uploads/2023/11/2B637417-DA6D-4660-9E80-0FE34D573909-700x933.jpeg", "main_picture": false}}, {"model": "store.productimage", "pk": 9, "fields": {"product": "411562f5-80ac-4834-9784-8ebe76ec855f", "image": "https://plantlandtehran.com/wp-content/uploads/2023/11/5DAC0C0B-C1A3-4D35-A22D-9F4E8D41906B-700x933.jpeg", "main_picture": false}}, {"model": "store.productimage", "pk": 10, "fields": {"product": "411562f5-80ac-4834-9784-8ebe76ec855f", "image": "https://plantlandtehran.com/wp-content/uploads/2023/11/7910B401-0E67-481B-A040-3DD46A5DB8F3-700x933.jpeg", "main_picture": false}}, {"model": "store.productimage", "pk": 11, "fields": {"product": "41cf33a5-1a3b-45f1-ade2-bc4c24d7d224", "image": "https://plantlandtehran.com/wp-content/uploads/2024/01/17D74F3C-C0E5-4595-898B-EEA03D33FF51-700x933.jpeg", "main_picture": true}}, {"model": "store.productimage", "pk": 12, "fields": {"product": "41cf33a5-1a3b-45f1-ade2-bc4c24d7d224", "image": "https://plantlandtehran.com/wp-content/uploads/2024/01/31654185-4CCE-4C03-9149-A49F296A8322-150x200.jpeg", "main_picture": false}}, {"model": "store.productimage", "pk": 13, "fields": {"product": "41cf33a5-1a3b-45f1-ade2-bc4c24d7d224", "image": "https://plantlandtehran.com/wp-content/uploads/2024/01/64CEFB93-2B48-44BA-BA5E-ED6E751E2A4C-150x200.jpeg", "main_picture": false}}, {"model": "store.productimage", "pk": 14, "fields": {"product": "41cf33a5-1a3b-45f1-ade2-bc4c24d7d224", "image": "https://plantlandtehran.com/wp-content/uploads/2024/01/0548C24C-1D1F-4989-B073-4CD16046737A-150x200.jpeg", "main_picture": false}}, {"model": "store.productimage", "pk": 15, "fields": {"product": "41cf33a5-1a3b-45f1-ade2-bc4c24d7d224", "image": "https://plantlandtehran.com/wp-content/uploads/2024/01/7A0CA61A-E091-4530-9F9C-15621201EA98-700x933.jpeg", "main_picture": false}}, {"model": "store.productimage", "pk": 16, "fields": {"product": "005578b6-7bac-4360-a06d-df350e4be3d3", "image": "https://plantlandtehran.com/wp-content/uploads/2023/11/75E6167A-FC0B-4A30-9F15-C8B719ED8D98-700x933.jpeg", "main_picture": true}}, {"model": "store.productimage", "pk": 17, "fields": {"product": "005578b6-7bac-4360-a06d-df350e4be3d3", "image": "https://plantlandtehran.com/wp-content/uploads/2023/11/C781F1E7-8A63-4FF8-8C63-1C93B1A6F968-700x933.jpeg", "main_picture": false}}, {"model": "store.productimage", "pk": 18, "fields": {"product": "005578b6-7bac-4360-a06d-df350e4be3d3", "image": "https://plantlandtehran.com/wp-content/uploads/2023/11/0F88FA7F-8214-468E-B167-FE0C540C00F0-150x200.jpeg", "main_picture": false}}, {"model": "store.productimage", "pk": 19, "fields": {"product": "005578b6-7bac-4360-a06d-df350e4be3d3", "image": "https://plantlandtehran.com/wp-content/uploads/2023/11/5F8E0140-A28D-4B40-9B09-8E0D9A95559A-150x200.jpeg", "main_picture": false}}, {"model": "store.productimage", "pk": 20, "fields": {"product": "55fd7f93-c99b-4a1b-88b1-32430bbcfbce", "image": "https://plantlandtehran.com/wp-content/uploads/2024/01/63364CDC-87CB-46DB-A5D5-96CFEA010F8B-700x933.jpeg", "main_picture": true}}, {"model": "store.productimage", "pk": 21, "fields": {"product": "55fd7f93-c99b-4a1b-88b1-32430bbcfbce", "image": "https://plantlandtehran.com/wp-content/uploads/2024/01/FA68D19B-DDE5-42CE-9423-E1E159815A12-700x933.jpeg", "main_picture": false}}, {"model": "store.productimage", "pk": 22, "fields": {"product": "55fd7f93-c99b-4a1b-88b1-32430bbcfbce", "image": "https://plantlandtehran.com/wp-content/uploads/2024/01/7A94F974-0531-4BCF-A384-A85D02604151-150x200.jpeg", "main_picture": false}}, {"model": "store.productimage", "pk": 23, "fields": {"product": "5fc49be6-95a3-4a0a-809b-205c401b69a9", "image": "https://plantlandtehran.com/wp-content/uploads/2024/01/5721870F-A056-4EEC-9C45-20421941E176-700x933.jpeg", "main_picture": true}}, {"model": "store.productimage", "pk": 24, "fields": {"product": "5fc49be6-95a3-4a0a-809b-205c401b69a9", "image": "https://plantlandtehran.com/wp-content/uploads/2024/01/ED65928B-9952-4CD8-AEA8-0B898D0CB732-150x200.jpeg", "main_picture": false}}, {"model": "store.productimage", "pk": 25, "fields": {"product": "5fc49be6-95a3-4a0a-809b-205c401b69a9", "image": "https://plantlandtehran.com/wp-content/uploads/2024/01/F263328E-D0E0-431E-9ADB-7324A96E0691-150x200.jpeg", "main_picture": false}}, {"model": "store.productimage", "pk": 26, "fields": {"product": "5fc49be6-95a3-4a0a-809b-205c401b69a9", "image": "https://plantlandtehran.com/wp-content/uploads/2024/01/938655FD-2C3A-4598-BCA5-7CB793C5931E-150x200.jpeg", "main_picture": false}}, {"model": "store.productimage", "pk": 27, "fields": {"product": "c30d0a6b-624b-4990-9d5c-f610ed5510e3", "image": "https://plantlandtehran.com/wp-content/uploads/2025/08/561E040F-3354-45C9-8809-3FD9C083D6E5-700x933.jpeg", "main_picture": true}}, {"model": "store.productimage", "pk": 28, "fields": {"product": "7cc80241-7f8a-4306-ba3e-22908dca9d8d", "image": "https://plantlandtehran.com/wp-content/uploads/2025/10/2C1D8C45-1197-420A-8116-B295F48462D2.jpeg", "main_picture": true}}, {"model": "store.productimage", "pk": 29, "fields": {"product": "7cc80241-7f8a-4306-ba3e-22908dca9d8d", "image": "https://plantlandtehran.com/wp-content/uploads/2025/10/E8A1F01B-B539-436B-9302-FBD8FD8E64DB.jpeg", "main_picture": false}}, {"model": "store.productimage", "pk": 30, "fields": {"product": "7cc80241-7f8a-4306-ba3e-22908dca9d8d", "image": "https://plantlandtehran.com/wp-content/uploads/2025/10/1B311E49-6AA3-4BE1-85D0-A15097DD2F7A.jpeg", "main_picture": false}}, {"model": "store.productimage", "pk": 31, "fields": {"product": "ea9d747d-78c1-4453-8616-8a124c5b61f8", "image": "https://plantlandtehran.com/wp-content/uploads/2025/08/2308EB6D-547D-4669-9212-14FDF1B8199B-700x933.jpeg", "main_picture": true}}, {"model": "store.productimage", "pk": 32, "fields": {"product": "ea9d747d-78c1-4453-8616-8a124c5b61f8", "image": "https://plantlandtehran.com/wp-content/uploads/2025/08/1C9FEE00-4A2F-47AD-9AFA-478F5060DD89-700x933.jpeg", "main_picture": false}}, {"model": "store.productimage", "pk": 33, "fields": {"product": "ea9d747d-78c1-4453-8616-8a124c5b61f8", "image": "https://plantlandtehran.com/wp-content/uploads/2025/08/CA3475D6-6A37-4589-AB28-BC4D77EED46C-700x933.jpeg", "main_picture": false}}, {"model": "store.productimage", "pk": 34, "fields": {"product": "ea9d747d-78c1-4453-8616-8a124c5b61f8", "image": "https://plantlandtehran.com/wp-content/uploads/2025/08/D3CA3842-4878-4B61-91C7-1793132A9ADF-150x200.jpeg", "main_picture": false}}, {"model": "store.productimage", "pk": 35, "fields": {"product": "ea9d747d-78c1-4453-8616-8a124c5b61f8", "image": "https://plantlandtehran.com/wp-content/uploads/2025/08/4A9DD02D-CD6E-407B-AC64-4BC52C8721CB-150x200.jpeg", "main_picture": false}}, {"model": "store.productimage", "pk": 36, "fields": {"product": "2c70aa91-fcf5-4d46-9b84-acb63e65c5d9", "image": "https://plantlandtehran.com/wp-content/uploads/2025/12/314304B5-07EB-4B8C-8195-10E49932796D-700x933.jpeg", "main_picture": true}}, {"model": "store.productimage", "pk": 37, "fields": {"product": "2c70aa91-fcf5-4d46-9b84-acb63e65c5d9", "image": "https://plantlandtehran.com/wp-content/uploads/2025/12/78ABC8F8-FA9A-4BAF-ADBA-CAE36E2F16BA-150x200.jpeg", "main_picture": false}}, {"model": "store.productimage", "pk": 38, "fields": {"product": "2c70aa91-fcf5-4d46-9b84-acb63e65c5d9", "image": "https://plantlandtehran.com/wp-content/uploads/2025/12/5C448BAC-F94B-4B10-A256-E82A83009871-150x200.jpeg", "main_picture": false}}, {"model": "store.productimage", "pk": 39, "fields": {"product": "53c18ce8-7358-470f-aab0-a15d777e1bf3", "image": "https://plantlandtehran.com/wp-content/uploads/2025/11/05DF0787-8DA8-4C15-BC03-52561DB3A519-700x933.jpeg", "main_picture": true}}, {"model": "store.productimage", "pk": 40, "fields": {"product": "53c18ce8-7358-470f-aab0-a15d777e1bf3", "image": "https://plantlandtehran.com/wp-content/uploads/2025/11/3677387B-403D-4450-B4BB-B8E806511C34-700x933.jpeg", "main_picture": false}}, {"model": "store.productimage", "pk": 41, "fields": {"product": "53c18ce8-7358-470f-aab0-a15d777e1bf3", "image": "https://plantlandtehran.com/wp-content/uploads/2025/11/D75F988F-FA61-487C-B4A2-4C22BAFEFCB8-150x200.jpeg", "main_picture": false}}, {"model": "store.productimage", "pk": 42, "fields": {"product": "53c18ce8-7358-470f-aab0-a15d777e1bf3", "image": "https://plantlandtehran.com/wp-content/uploads/2025/11/FA532757-1A2A-496D-A4FC-6D9784A62FDF-150x200.jpeg", "main_picture": false}}, {"model": "store.productimage", "pk": 43, "fields": {"product": "821383b9-5a94-4787-84c6-8681b99a3424", "image": "https://plantlandtehran.com/wp-content/uploads/2025/11/886163A4-DF2C-4267-A384-DF4BBD207B68-700x933.jpeg", "main_picture": true}}, {"model": "store.productimage", "pk": 44, "fields": {"product": "821383b9-5a94-4787-84c6-8681b99a3424", "image": "https://plantlandtehran.com/wp-content/uploads/2025/11/BADBAF43-31AA-426A-B078-224BDA49C473-150x200.jpeg", "main_picture": false}}, {"model": "store.productimage", "pk": 45, "fields": {"product": "821383b9-5a94-4787-84c6-8681b99a3424", "image": "https://plantlandtehran.com/wp-content/uploads/2025/11/46F4E6C7-0D68-4BBE-A330-3B80360DFC8B-150x200.jpeg", "main_picture": false}}, {"model": "store.productimage", "pk": 46, "fields": {"product": "1092d590-f856-40c1-8042-9398392a9658", "image": "https://plantlandtehran.com/wp-content/uploads/2025/11/273DE315-B981-4FCF-A4BD-0E162394F039-700x933.jpeg", "main_picture": true}}, {"model": "store.productimage", "pk": 47, "fields": {"product": "1092d590-f856-40c1-8042-9398392a9658", "image": "https://plantlandtehran.com/wp-content/uploads/2025/11/4B07CE0E-1AF5-4736-9850-8F4E96E333DD-150x200.jpeg", "main_picture": false}}, {"model": "store.productimage", "pk": 48, "fields": {"product": "1092d590-f856-40c1-8042-9398392a9658", "image": "https://plantlandtehran.com/wp-content/uploads/2025/11/6DEC9250-3EDF-42D7-9891-2B1D775DA2EF-150x200.jpeg", "main_picture": false}}, {"model": "store.productimage", "pk": 49, "fields": {"product": "d70d37f6-d0b0-4297-a4c6-ec6b6c47fae3", "image": "https://plantlandtehran.com/wp-content/uploads/2020/07/F35F0E3E-ADE1-405F-8EEB-DF5760C69365-700x933.jpeg", "main_picture": true}}, {"model": "store.productimage", "pk": 50, "fields": {"product": "d70d37f6-d0b0-4297-a4c6-ec6b6c47fae3", "image": "https://plantlandtehran.com/wp-content/uploads/2020/07/0538CBD9-2D95-4C58-B605-4AF9584E2E41-700x933.jpeg", "main_picture": false}}, {"model": "store.productimage", "pk": 51, "fields": {"product": "d70d37f6-d0b0-4297-a4c6-ec6b6c47fae3", "image": "https://plantlandtehran.com/wp-content/uploads/2020/07/AB360D31-C867-466C-A10B-43E462F3E408-150x200.jpeg", "main_picture": false}}, {"model": "store.productimage", "pk": 52, "fields": {"product": "d70d37f6-d0b0-4297-a4c6-ec6b6c47fae3", "image": "https://plantlandtehran.com/wp-content/uploads/2020/07/746D96C6-55A3-46E1-A645-4689ACAF2993-150x200.jpeg", "main_picture": false}}, {"model": "store.productimage", "pk": 53, "fields": {"product": "1a3da3fe-4b14-4ed4-bba4-c48881a317a9", "image": "https://plantlandtehran.com/wp-content/uploads/2024/03/34E85B85-87A7-49E3-ADDD-7CF3112BA8B7-700x933.jpeg", "main_picture": true}}, {"model": "store.productimage", "pk": 54, "fields": {"product": "1a3da3fe-4b14-4ed4-bba4-c48881a317a9", "image": "https://plantlandtehran.com/wp-content/uploads/2024/03/0247B2CE-0603-47B7-8FC9-9D9755D55D92-150x200.jpeg", "main_picture": false}}, {"model": "store.productimage", "pk": 55, "fields": {"product": "1a3da3fe-4b14-4ed4-bba4-c48881a317a9", "image": "https://plantlandtehran.com/wp-content/uploads/2024/03/B0352F28-F1AA-48D0-A81D-BE321960FB55-150x200.jpeg", "main_picture": false}}, {"model": "store.productimage", "pk": 56, "fields": {"product": "1a3da3fe-4b14-4ed4-bba4-c48881a317a9", "image": "https://plantlandtehran.com/wp-content/uploads/2024/03/59E84B4E-5AAF-4CF2-974C-3213FF7DB0CC-150x200.jpeg", "main_picture": false}}, {"model": "store.productimage", "pk": 57, "fields": {"product": "1a3da3fe-4b14-4ed4-bba4-c48881a317a9", "image": "https://plantlandtehran.com/wp-content/uploads/2024/03/ADB556FF-7034-4DCD-BA9B-97556FFDADC0-150x200.jpeg", "main_picture": false}}, {"model": "store.productimage", "pk": 58, "fields": {"product": "ec902523-a672-46e9-aab0-06566e2a3a16", "image": "https://plantlandtehran.com/wp-content/uploads/2025/08/A59F3D51-2E61-4511-9CEA-69C9BAE63114-700x933.jpeg", "main_picture": true}}, {"model": "store.productimage", "pk": 59, "fields": {"product": "ec902523-a672-46e9-aab0-06566e2a3a16", "image": "https://plantlandtehran.com/wp-content/uploads/2025/08/F8541452-BE42-4C10-A016-6FAF8E1A2C58-150x200.jpeg", "main_picture": false}}, {"model": "store.productimage", "pk": 60, "fields": {"product": "ec902523-a672-46e9-aab0-06566e2a3a16", "image": "https://plantlandtehran.com/wp-content/uploads/2025/08/0EE58905-398B-4D28-A1B0-812C4803D1D9-150x200.jpeg", "main_picture": false}}, {"model": "store.productimage", "pk": 61, "fields": {"product": "437575da-cb5c-48c5-b0fb-ed99d5cde429", "image": "https://plantlandtehran.com/wp-content/uploads/2024/11/378E87F8-46CB-4B06-BA45-48DD801A61DC-700x933.jpeg", "main_picture": true}}, {"model": "store.productimage", "pk": 62, "fields": {"product": "437575da-cb5c-48c5-b0fb-ed99d5cde429", "image": "https://plantlandtehran.com/wp-content/uploads/2024/11/332F0E29-E64B-4F0C-87A2-9F175B5658A8-700x933.jpeg", "main_picture": false}}, {"model": "store.productimage", "pk": 63, "fields": {"product": "437575da-cb5c-48c5-b0fb-ed99d5cde429", "image": "https://plantlandtehran.com/wp-content/uploads/2024/11/298030AF-602D-465B-95E2-6906E87B2226-150x200.jpeg", "main_picture": false}}, {"model": "store.productimage", "pk": 64, "fields": {"product": "437575da-cb5c-48c5-b0fb-ed99d5cde429", "image": "https://plantlandtehran.com/wp-content/uploads/2024/11/A487A43E-0855-47D3-9FCD-21C67EF04C05-150x200.jpeg", "main_picture": false}}, {"model": "store.review", "pk": 2, "fields": {"product": "ec902523-a672-46e9-aab0-06566e2a3a16", "user": "e1430c19-a792-4a4b-a71b-2ae188bed564", "rating": 3, "comment": "لورم ایپسوم متن ساختگی با تولید سادگی نامفهوم از صنعت چاپ، و با استفاده از طراحان گرافیک است، چاپگرها و متون بلکه روزنامه و مجله در ستون و سطرآنچنان که لازم است، و برای شرایط فعلی تکنولوژی مورد نیاز، و کاربردهای متنوع با هدف بهبود ابزارهای کاربردی می باشد، کتابهای زیادی در شصت و سه درصد گذشته حال و آینده، شناخت فراوان جامعه و متخصصان را می طلبد، تا با نرم افزارها شناخت بیشتری را برای طراحان رایانه ای علی الخصوص طراحان خلاقی، و فرهنگ پیشرو در زبان فارسی ایجاد کرد.", "is_approved": true, "created_at": "2025-12-16T23:22:34.785", "updated_at": "2025-12-17T01:06:12.221", "likes": ["8d4990a5-c71c-40ab-8258-0d76bbe8cb5f"]}}, {"model": "store.review", "pk": 3, "fields": {"product": "ec902523-a672-46e9-aab0-06566e2a3a16", "user": "8d4990a5-c71c-40ab-8258-0d76bbe8cb5f", "rating": 5, "comment": "سلام عالی بود تست", "is_approved": true, "created_at": "2025-12-17T01:39:43.565", "updated_at": "2025-12-17T01:39:43.565", "likes": []}}, {"model": "store.cart", "pk": "07293fb9-ba2e-4fd2-bf6f-299312ffa24d", "fields": {"created_at": "2025-12-17T23:12:00.418", "updated_at": "2025-12-17T23:12:00.418"}}, {"model": "store.cart", "pk": "215f9fc7-1485-461c-901f-41c74762c9aa", "fields": {"created_at": "2025-12-16T05:30:19.193", "updated_at": "2025-12-16T05:30:19.193"}}, {"model": "store.cart", "pk": "23d2c571-88c0-40f3-9ee4-e0c32a722814", "fields": {"created_at": "2025-12-16T05:55:15.167", "updated_at": "2025-12-16T05:55:15.167"}}, {"model": "store.cart", "pk": "ce4fd0a6-27ab-44e2-87c4-216eda0b9436", "fields": {"created_at": "2025-12-16T05:28:00.630", "updated_at": "2025-12-16T05:28:00.630"}}, {"model": "store.cart", "pk": "e0b50b7d-584f-4941-9498-d4a1036e93f2", "fields": {"created_at": "2025-12-16T05:56:57.977", "updated_at": "2025-12-16T05:56:57.977"}}, {"model": "store.cartitem", "pk": 13, "fields": {"cart": "ce4fd0a6-27ab-44e2-87c4-216eda0b9436", "product": "1a3da3fe-4b14-4ed4-bba4-c48881a317a9", "quantity": 2}}, {"model": "store.cartitem", "pk": 15, "fields": {"cart": "215f9fc7-1485-461c-901f-41c74762c9aa", "product": "437575da-cb5c-48c5-b0fb-ed99d5cde429", "quantity": 2}}, {"model": "store.cartitem", "pk": 17, "fields": {"cart": "215f9fc7-1485-461c-901f-41c74762c9aa", "product": "53c18ce8-7358-470f-aab0-a15d777e1bf3", "quantity": 1}}, {"model": "store.cartitem", "pk": 18, "fields": {"cart": "23d2c571-88c0-40f3-9ee4-e0c32a722814", "product": "437575da-cb5c-48c5-b0fb-ed99d5cde429", "quantity": 1}}, {"model": "store.cartitem", "pk": 19, "fields": {"cart": "23d2c571-88c0-40f3-9ee4-e0c32a722814", "product": "53c18ce8-7358-470f-aab0-a15d777e1bf3", "quantity": 2}}, {"model": "store.cartitem", "pk": 21, "fields": {"cart": "e0b50b7d-584f-4941-9498-d4a1036e93f2", "product": "821383b9-5a94-4787-84c6-8681b99a3424", "quantity": 2}}, {"model": "store.cartitem", "pk": 25, "fields": {"cart": "07293fb9-ba2e-4fd2-bf6f-299312ffa24d", "product": "ec902523-a672-46e9-aab0-06566e2a3a16", "quantity": 2}}]